id_comercio,nombre_dueno,celular,tamano_negocio,tipo_negocio,provincia,edad_propietario,genero,antiguedad_meses,transacciones_promedio,ticket_promedio_usd,movimientos_pichincha_mes,movimientos_comerciales_mes,movimientos_personales_mes,tickets_soporte,ticket_no_resuelto,tasa_disputas,saldo_cuenta_usd,dias_sin_transar,prob_churn,nivel_riesgo
3d4ee640-7243-43ad-a601-3fe201535b72,Diego Castro,0925533443,Microempresa,Alimentación y Gastronomía,Tungurahua,25,Masculino,10,110,1.5,9,76,26,0,0,0.0,58.57,6,0.1753,Bajo
6211f816-9336-4b46-a550-00c47b63bbae,Diego Castro,0998917927,Microempresa,Alimentación y Gastronomía,Pichincha,28,Femenino,28,146,1.5,10,118,18,0,0,0.0,15.15,0,0.0548,Bajo
19dca2b2-9d95-4d3f-92e1-e6c2e95cb0f6,Ana Torres,0944723940,Microempresa,Alimentación y Gastronomía,Manabí,34,Masculino,14,168,1.89,10,121,37,0,0,0.0,2.13,6,0.2291,Bajo
21c4b30a-22e5-4756-a472-e819da5bfb7d,Carmen Ríos,0987405062,Microempresa,Servicios Personales e Independientes,Pichincha,39,Masculino,22,18,10.67,2,17,0,0,0,0.0,18.91,0,0.0701,Bajo
d3133f64-c8ea-41bb-879f-821a520875ae,Juan Gómez,0998481268,Microempresa,Moda y Estilo de Vida,Cotopaxi,29,Femenino,13,14,12.77,2,9,3,1,0,0.0,2.83,7,0.7096,Alto
8318dd62-0f58-4482-97a8-4016e6ef44e9,Ana Torres,0999285320,Microempresa,Servicios Personales e Independientes,Pichincha,29,Masculino,2,11,14.33,1,9,1,3,0,0.0,28.94,4,0.5572,Medio
79ea9f01-97de-4414-b792-f236811005cc,Ana Torres,0981719648,Microempresa,Moda y Estilo de Vida,Imbabura,36,Femenino,25,10,37.75,1,8,1,2,0,0.0,190.42,0,0.121,Bajo
b900d450-ccda-48f2-9136-79e1049b3676,Juan Gómez,0969870917,Microempresa,Alimentación y Gastronomía,Azuay,38,Masculino,28,146,10.14,19,113,15,1,0,0.0,57.09,3,0.1863,Bajo
720b1bb1-4fc0-4f05-999f-2a12daf0c908,María Pérez,0999953551,Microempresa,Moda y Estilo de Vida,Pichincha,21,Masculino,36,14,17.55,2,9,4,0,0,0.0,0.77,7,0.677,Alto
93a13547-80c8-4d16-a378-5e9d2a9efa19,Pedro Ruiz,0901234933,Pequeña Empresa,Moda y Estilo de Vida,Pichincha,28,Masculino,8,6,71.76,0,4,2,0,0,0.0,9.19,2,0.286,Bajo
612110fd-ee99-46ff-b3c6-6e82aba99a7a,Diego Castro,0997043674,Microempresa,Alimentación y Gastronomía,Pichincha,31,Femenino,33,128,12.7,20,77,32,1,0,0.0,13.41,5,0.176,Bajo
0b7b7613-2c86-42f8-a324-1c35186062df,Andrés Díaz,0902391162,Microempresa,Alimentación y Gastronomía,Manabí,26,Femenino,7,35,2.96,4,22,9,0,0,0.0,27.31,4,0.3005,Bajo
1731a1f4-3d9b-47f9-b57e-6e0ba66a4b2d,Andrés Díaz,0986923964,Gran Empresa,Alimentación y Gastronomía,Pichincha,19,Masculino,12,227,7.64,35,133,58,0,0,0.0,14.09,1,0.0309,Bajo
b09dfa72-4af8-4eaf-afda-061670b6adf6,María Pérez,0911157238,Microempresa,Servicios Personales e Independientes,Pichincha,32,Femenino,24,19,12.87,4,16,0,1,0,0.0,16.26,3,0.237,Bajo
be983419-7bc7-4f88-8d16-75829427d178,Carmen Ríos,0911638473,Microempresa,Servicios Personales e Independientes,Loja,25,Masculino,21,19,8.46,3,16,0,1,0,0.0,49.97,2,0.0956,Bajo
8c01ac22-0ed0-47d4-bc6a-6c5015655c5a,Sofía Vega,0985969952,Microempresa,Comercio Minorista,Pastaza,35,Masculino,1,50,1.5,4,38,8,0,0,0.0,12.14,1,0.1079,Bajo
45bcfd10-1228-4aaa-b293-f3148e1de100,Ana Torres,0972326774,Microempresa,Alimentación y Gastronomía,Pichincha,27,Femenino,5,64,4.25,9,39,16,0,0,0.0,0.85,1,0.0579,Bajo
81443fd2-9966-4e70-a41b-189f75f9068c,Diego Castro,0956519803,Pequeña Empresa,Servicios Personales e Independientes,Guayas,28,Masculino,7,29,60.03,4,27,0,0,0,0.0014,34.91,1,0.2652,Bajo
e447e765-4cab-4930-86a4-aed52c85da15,Carmen Ríos,0978807680,Microempresa,Alimentación y Gastronomía,Esmeraldas,36,Femenino,21,83,8.44,15,52,16,1,0,0.0,159.13,2,0.0759,Bajo
b45e0bf4-d92b-413a-a0d7-6d243275a6b4,Carmen Ríos,0931796703,Microempresa,Alimentación y Gastronomía,El Oro,31,Femenino,9,370,1.5,46,227,97,0,0,0.0,29.33,3,0.1491,Bajo
9eea99ec-1aca-405f-830d-4293a51481dc,Ana Torres,0931386223,Microempresa,Alimentación y Gastronomía,Pichincha,23,Femenino,13,206,6.34,12,148,46,1,0,0.0,40.07,0,0.1901,Bajo
79876a24-6cd5-40a0-856d-bc6fcd665b75,Lucía Mora,0956519970,Microempresa,Comercio Minorista,Guayas,21,Masculino,19,50,6.58,4,42,4,1,0,0.0,43.47,0,0.0777,Bajo
516fc867-02cb-4c99-92d3-f23766ef4354,Diego Castro,0936862058,Pequeña Empresa,Alimentación y Gastronomía,Pichincha,29,Femenino,27,57,8.17,6,35,16,2,0,0.0,241.66,1,0.0861,Bajo
5eb84148-5b11-4ae4-9dcf-e0001eace108,Ana Torres,0953451374,Microempresa,Alimentación y Gastronomía,Tungurahua,25,Masculino,14,98,1.5,9,69,20,0,0,0.0,0.35,1,0.0357,Bajo
31dcfc7f-9ff5-452c-9851-6e0dcf293c88,Juan Gómez,0975962019,Mediana Empresa A,Servicios Personales e Independientes,Azuay,23,Masculino,21,5,10.74,1,4,0,1,0,0.0,70.01,0,0.1812,Bajo
c5f7d903-4842-42fd-b3d8-86636950a67e,Sofía Vega,0980858470,Microempresa,Moda y Estilo de Vida,Pichincha,31,Masculino,9,19,46.41,3,15,1,0,0,0.0,33.56,2,0.0639,Bajo
8b0d4099-03fd-4b08-8766-625c960b4eab,Juan Gómez,0907224650,Microempresa,Servicios Personales e Independientes,Pichincha,19,Femenino,20,14,37.23,2,13,0,1,0,0.0,22.89,0,0.0476,Bajo
b7fd2727-587c-4f77-8d01-e6618b8a4656,Carmen Ríos,0934979996,Microempresa,Servicios Personales e Independientes,Los Ríos,28,Masculino,6,26,21.85,3,19,4,0,0,0.0,27.44,1,0.1656,Bajo
744eed4a-ec28-4ff0-b2db-2f1d8059a25a,Lucía Mora,0903917823,Microempresa,Comercio Minorista,Manabí,43,Masculino,21,66,11.86,12,39,15,0,0,0.0,6.66,3,0.271,Bajo
745427c7-0102-445e-b8ca-2f28c49d69d4,María Pérez,0927517817,Microempresa,Servicios Personales e Independientes,Napo,26,Masculino,12,27,63.58,3,20,4,1,0,0.0,2.95,7,0.7029,Alto
61459c10-8284-4fb8-8ce2-a7c7aff4d3de,Andrés Díaz,0999208263,Microempresa,Servicios Personales e Independientes,El Oro,27,Masculino,10,96,43.01,7,80,9,0,0,0.0,9.68,3,0.2533,Bajo
f429cb7c-6889-4a29-8f65-87c0a6cc88f3,María Pérez,0934220445,Microempresa,Alimentación y Gastronomía,El Oro,26,Masculino,31,46,4.65,6,34,6,1,0,0.0,0.63,3,0.3206,Bajo
60ed87c8-c45b-41ec-944a-686d9a3f1938,Sofía Vega,0973679418,Microempresa,Alimentación y Gastronomía,Azuay,22,Masculino,21,84,5.14,8,66,11,2,1,0.0,11.73,6,0.7375,Alto
687ea971-a62c-41ca-976d-6ea111d1d41f,Lucía Mora,0970532500,Microempresa,Alimentación y Gastronomía,Azuay,27,Femenino,30,211,3.22,16,134,61,2,0,0.0025,17.57,5,0.3369,Bajo
0264ef51-3fd0-46ed-868a-626fceb7f198,Diego Castro,0926805866,Microempresa,Entretenimiento y Educación,Pichincha,25,Femenino,28,44,10.92,6,34,4,1,0,0.0,1.66,1,0.0664,Bajo
e7e4fce1-337b-49b0-890c-56943a5a38d4,Carlos López,0953159292,Microempresa,Comercio Minorista,Guayas,37,Femenino,24,71,17.0,7,48,17,0,0,0.0,3.61,1,0.0799,Bajo
7ab848b0-5d38-4f1f-ae60-7e48b997af44,Pedro Ruiz,0910856054,Microempresa,Comercio Minorista,Pichincha,33,Femenino,2,51,35.5,3,36,11,1,0,0.0136,84.8,23,0.6103,Medio
e3f3b530-2c7f-4803-a921-29de2fa3f744,Andrés Díaz,0942130418,Pequeña Empresa,Comercio Minorista,Guayas,25,Femenino,33,67,30.11,12,46,9,0,0,0.0,3.4,1,0.0677,Bajo
a847a5aa-3764-4b26-baeb-a387ce9d4fca,Carlos López,0919681481,Microempresa,Moda y Estilo de Vida,Pichincha,38,Femenino,31,15,32.47,3,10,2,0,0,0.0,41.72,0,0.0178,Bajo
a2bdbb57-cca6-44be-aa6e-960fad0684e2,Diego Castro,0973225158,Microempresa,Comercio Minorista,Guayas,26,Femenino,9,90,3.54,11,56,23,0,0,0.0,1.01,1,0.0646,Bajo
245707c8-7a29-4295-8fcf-e0c297ab7a5d,Ana Torres,0946139725,Microempresa,Comercio Minorista,Morona Santiago,18,Femenino,7,10,22.26,1,8,1,2,0,0.0,7.66,7,0.7682,Alto
3c27b22c-c792-42fe-a8d4-0477fda9c65a,Lucía Mora,0989471902,Microempresa,Alimentación y Gastronomía,Loja,31,Femenino,30,163,1.71,28,125,10,1,0,0.0,6.51,4,0.1991,Bajo
0925cb60-dc98-4467-8b64-b2eb60ea1751,Andrés Díaz,0990135878,Microempresa,Entretenimiento y Educación,Guayas,27,Femenino,23,7,38.73,1,6,0,1,0,0.0,18.54,3,0.6021,Medio
0a3b7a04-51d4-44d1-a80d-17dd09a59aa5,María Pérez,0939672379,Microempresa,Moda y Estilo de Vida,Pichincha,20,Masculino,9,13,64.95,2,8,3,1,1,0.0,3.98,6,0.8359,Alto
e22bf2ed-128a-4360-bfc3-3719dd9650cb,Sofía Vega,0954710905,Microempresa,Alimentación y Gastronomía,Pichincha,29,Femenino,1,43,5.5,6,36,1,1,0,0.0,5.87,7,0.5742,Medio
bc510f9f-7dd4-409b-928b-adf6e8736eb2,Andrés Díaz,0964344129,Microempresa,Servicios Personales e Independientes,Pichincha,27,Masculino,18,2,10.13,0,2,0,1,0,0.0,31.54,0,0.2393,Bajo
8ebfa7a0-8fb5-4dc8-9b7a-ffde21ca03d3,Ana Torres,0901595932,Microempresa,Servicios Personales e Independientes,Morona Santiago,35,Masculino,14,32,12.08,5,27,0,1,0,0.0,36.7,1,0.0884,Bajo
01a00e5d-2973-494b-89a7-88e16bf8e463,Carmen Ríos,0936230900,Microempresa,Servicios Personales e Independientes,Pichincha,33,Masculino,10,19,15.81,3,18,0,1,0,0.0,5.39,0,0.079,Bajo
ba965188-5d06-44e0-b309-b877c1a737db,Sofía Vega,0950674538,Microempresa,Comercio Minorista,Pichincha,35,Femenino,1,57,46.01,10,40,7,1,0,0.0,0.8,5,0.6394,Medio
b6411745-f76e-464b-8f48-cb99bff71717,Carlos López,0936394315,Microempresa,Comercio Minorista,El Oro,28,Masculino,24,31,5.3,6,21,4,0,0,0.0,12.98,2,0.1481,Bajo
4c72793d-9ea3-41b5-bfcc-bf84c6329c4f,Lucía Mora,0900119906,Microempresa,Entretenimiento y Educación,Guayas,20,Femenino,20,15,19.77,2,14,0,1,0,0.0,2.84,5,0.6179,Medio
70154104-444c-4a2d-8bee-9ce00649749a,Juan Gómez,0923891935,Microempresa,Alimentación y Gastronomía,Guayas,26,Masculino,28,97,1.5,9,80,8,1,0,0.0,7.18,1,0.0755,Bajo
8392348b-7363-4964-818d-218aa0c1d4cd,Ana Torres,0979624637,Pequeña Empresa,Servicios Personales e Independientes,Pichincha,31,Femenino,10,44,12.4,7,33,4,1,0,0.0,9.21,4,0.4065,Medio
dff131ea-bdbc-4089-a4d1-535702f85e44,Juan Gómez,0946745799,Microempresa,Moda y Estilo de Vida,Cotopaxi,29,Femenino,8,8,10.89,1,6,2,0,0,0.0,40.79,9,0.8762,Alto
fdaeb363-99d3-4620-b74c-255906993e3a,Sofía Vega,0983782539,Microempresa,Comercio Minorista,Pichincha,24,Masculino,28,83,24.74,10,55,18,0,0,0.0,6.16,1,0.0318,Bajo
a6a9c785-6319-4f9b-b7b2-7bca56aef9b2,Carmen Ríos,0986478444,Microempresa,Alimentación y Gastronomía,Guayas,31,Femenino,25,242,4.18,14,148,80,0,0,0.0,11.78,1,0.0637,Bajo
924e8ab8-93c7-4399-9c85-0cd51fda3275,Juan Gómez,0953424140,Microempresa,Comercio Minorista,Loja,27,Masculino,31,60,5.38,6,46,8,0,0,0.0,26.6,4,0.3513,Medio
4d401402-3cd7-4d63-8f11-d701ba44d105,Andrés Díaz,0946937162,Microempresa,Alimentación y Gastronomía,Pichincha,26,Masculino,2,54,2.36,6,40,7,2,0,0.0,3.07,4,0.4881,Medio
404f052e-fbec-4205-b2e1-baf3a8e219e6,Juan Gómez,0961797300,Microempresa,Entretenimiento y Educación,Pichincha,19,Masculino,7,23,27.8,3,21,0,0,0,0.0,14.37,4,0.3365,Bajo
e8a2d637-0941-4b21-beb2-2fc60d97bf00,Carlos López,0987989301,Microempresa,Comercio Minorista,Pichincha,24,Femenino,36,50,8.92,7,37,7,1,0,0.0,26.73,3,0.2842,Bajo
943ce7da-6ed2-44aa-b6c8-7eff21109e18,María Pérez,0905783943,Microempresa,Alimentación y Gastronomía,Bolívar,38,Femenino,3,145,1.5,25,99,22,0,0,0.0,13.53,1,0.0637,Bajo
9b7b5f0d-c933-410d-8b4e-d7c3ef15447e,Carlos López,0945961117,Microempresa,Comercio Minorista,Pichincha,18,Femenino,7,41,19.49,5,27,9,0,0,0.0,69.85,7,0.4917,Medio
bd68b206-9680-4fc0-9340-e2e11b544e4d,Juan Gómez,0923830288,Microempresa,Servicios Personales e Independientes,Azuay,29,Femenino,17,14,26.21,2,13,0,0,0,0.0022,12.21,2,0.4082,Medio
4692a089-dfac-4021-9221-14243f9ee535,Sofía Vega,0983524205,Microempresa,Comercio Minorista,Imbabura,26,Femenino,24,176,8.99,15,131,30,1,0,0.0,124.57,8,0.4282,Medio
fc86bd96-1939-46ba-81fe-415f425ba59e,Diego Castro,0954113854,Microempresa,Entretenimiento y Educación,Cotopaxi,24,Masculino,6,47,53.76,4,38,5,1,0,0.0,38.39,4,0.4577,Medio
2dcac2fe-b3b1-4032-aa84-66ae8fdaac20,María Pérez,0963546481,Microempresa,Comercio Minorista,Bolívar,23,Femenino,11,105,10.91,21,68,16,0,0,0.0,5.01,3,0.1854,Bajo
a692b043-017e-4c53-99a8-1f56b796f9e3,Diego Castro,0996159078,Microempresa,Alimentación y Gastronomía,Loja,29,Masculino,20,175,2.82,25,110,40,1,1,0.0,21.09,2,0.4635,Medio
9f76293a-c99d-45ee-ba76-d2fca09c23cf,María Pérez,0915226751,Microempresa,Servicios Personales e Independientes,Pichincha,32,Masculino,30,2,19.49,0,2,0,1,0,0.0,54.44,2,0.2165,Bajo
71f0a53d-5aa1-4bbc-8fa2-23c4850d0303,Juan Gómez,0962776579,Microempresa,Servicios Personales e Independientes,Pichincha,31,Masculino,22,74,59.81,4,60,10,1,0,0.0,11.35,0,0.0975,Bajo
792b165a-c888-4956-bc8d-154cea6c3af3,Pedro Ruiz,0963974119,Microempresa,Alimentación y Gastronomía,Bolívar,32,Masculino,19,151,3.19,21,99,31,1,0,0.0,94.64,4,0.1295,Bajo
fe380bde-63d5-45c8-ad26-805e80676d77,Carmen Ríos,0927427861,Microempresa,Alimentación y Gastronomía,El Oro,18,Femenino,36,118,3.34,14,91,13,0,0,0.0,5.18,0,0.052,Bajo
474fff8a-2a4c-484e-9aa7-a1572f6a78fd,Carlos López,0909400190,Microempresa,Alimentación y Gastronomía,Azuay,28,Femenino,1,39,17.56,7,32,0,0,0,0.0,16.95,10,0.7271,Alto
02b819e9-5b52-4d0c-ad53-4f762b7662e7,Diego Castro,0906649561,Microempresa,Alimentación y Gastronomía,Guayas,18,Masculino,33,252,2.4,40,159,53,0,0,0.0,41.23,2,0.1428,Bajo
5e0871c2-c069-4083-b8db-b29a1ba54cb5,Lucía Mora,0982716732,Microempresa,Alimentación y Gastronomía,Guayas,27,Femenino,15,24,4.76,3,17,5,1,0,0.0,181.13,1,0.0289,Bajo
2b23eb7a-89b2-4233-aaed-bdbf85294066,Juan Gómez,0907040106,Microempresa,Alimentación y Gastronomía,Pichincha,34,Femenino,36,95,1.5,8,71,16,1,0,0.0,6.18,0,0.0457,Bajo
08e019b0-910d-47b4-9ee1-4ddbfd222d25,Andrés Díaz,0920691533,Microempresa,Alimentación y Gastronomía,Guayas,32,Femenino,23,64,1.5,13,54,0,0,0,0.0,14.56,1,0.0536,Bajo
015cfa6d-eb54-402d-97a7-62fd79ca53df,Diego Castro,0958491840,Microempresa,Servicios Personales e Independientes,Guayas,32,Femenino,31,11,23.67,1,8,2,1,0,0.0,1.27,1,0.178,Bajo
3521feb5-5bb4-4126-99c8-5f4b893a1743,Ana Torres,0905259077,Microempresa,Servicios Personales e Independientes,Pichincha,23,Femenino,16,53,21.35,3,40,10,2,0,0.0,10.07,2,0.093,Bajo
8aee8aa6-3df0-4292-abd2-cc96b28b3986,Carlos López,0998271106,Microempresa,Comercio Minorista,Azuay,33,Femenino,2,66,32.85,6,50,10,0,0,0.0,14.91,4,0.4979,Medio
cf63efff-002c-4dab-bd48-375b85436b14,Ana Torres,0942176355,Microempresa,Entretenimiento y Educación,Tungurahua,41,Masculino,7,13,13.62,2,12,0,0,0,0.0,88.12,0,0.03,Bajo
39df7c5d-4a46-4973-88e8-82fc64f1c315,Sofía Vega,0902439600,Microempresa,Moda y Estilo de Vida,Imbabura,25,Masculino,5,7,31.02,1,5,2,0,0,0.0,38.91,1,0.3587,Medio
85974e97-285a-4808-9e04-c9bb72df94bd,Pedro Ruiz,0998189599,Pequeña Empresa,Moda y Estilo de Vida,Pichincha,36,Femenino,14,2,20.5,0,1,0,2,1,0.0,24.39,1,0.5383,Medio
e681428d-d151-4725-9dbe-dcd5546aed0a,Andrés Díaz,0900254425,Microempresa,Servicios Personales e Independientes,Cañar,32,Femenino,33,13,27.82,2,10,0,0,0,0.0,9.09,1,0.1355,Bajo
0e9668f3-f148-44ee-be33-49f12f9e925a,Diego Castro,0911264383,Microempresa,Alimentación y Gastronomía,Guayas,39,Femenino,26,144,2.61,14,117,13,1,1,0.0,1.23,3,0.7636,Alto
bb071676-f91e-45d4-9dbb-20ef5d2a4d06,Juan Gómez,0947802826,Microempresa,Alimentación y Gastronomía,Loja,30,Masculino,32,147,4.01,8,97,42,2,0,0.0,4.5,2,0.1143,Bajo
8f8ddd6f-8f6e-4326-97b6-4a7d9c7e95d1,Lucía Mora,0945068286,Microempresa,Entretenimiento y Educación,Azuay,25,Femenino,21,48,52.08,9,36,3,2,0,0.0037,2.53,4,0.5945,Medio
a6485e9d-4eb0-4604-aacf-8484d1ed898d,Sofía Vega,0966312468,Microempresa,Servicios Personales e Independientes,Chimborazo,29,Masculino,2,58,17.35,10,43,4,0,0,0.0,25.07,3,0.4755,Medio
6a23816a-58ee-4b67-b5bc-4624f231b718,Carlos López,0968913560,Microempresa,Servicios Personales e Independientes,El Oro,31,Femenino,17,7,108.71,1,5,1,1,0,0.0,10.29,1,0.1989,Bajo
148092e4-5228-4b12-a0d8-4b03dba41215,Juan Gómez,0914339699,Microempresa,Alimentación y Gastronomía,Tungurahua,25,Femenino,35,202,3.21,24,145,33,1,0,0.0,5.68,2,0.0729,Bajo
c6ecce63-65a2-4aff-83fc-50e566d29484,Carmen Ríos,0978608843,Pequeña Empresa,Alimentación y Gastronomía,Azuay,25,Femenino,34,82,1.7,12,55,15,0,0,0.0,583.22,4,0.1423,Bajo
6172ec32-302f-4d43-9786-6608d0bb3ebe,Juan Gómez,0901208505,Gran Empresa,Alimentación y Gastronomía,Pichincha,35,Masculino,30,135,2.1,24,83,28,1,0,0.0,4.88,3,0.1427,Bajo
0e9c2212-0b17-4bae-9d6f-ef4134ce27dc,Carmen Ríos,0934637302,Microempresa,Comercio Minorista,Pichincha,30,Femenino,17,33,18.74,2,28,3,1,0,0.0,16.11,2,0.0813,Bajo
148fa92b-ab45-4ea9-a4d1-8dbeb6a633ce,Diego Castro,0961375365,Microempresa,Alimentación y Gastronomía,Guayas,35,Masculino,24,19,3.19,2,13,4,1,0,0.0,1.23,3,0.1965,Bajo
441f3257-ae19-4255-9eb6-b2a794cf5b71,María Pérez,0986322047,Microempresa,Alimentación y Gastronomía,Pichincha,32,Femenino,26,84,1.5,16,70,0,1,0,0.0,0.5,3,0.1719,Bajo
0bf79e22-2244-42aa-8124-22e3c9fb3a9f,María Pérez,0941934083,Microempresa,Comercio Minorista,Guayas,35,Femenino,3,76,14.94,9,58,9,2,0,0.0,36.9,4,0.5019,Medio
8e149185-75ad-4bf1-a6ea-9910fd854e43,María Pérez,0963173872,Microempresa,Comercio Minorista,Azuay,30,Masculino,8,184,12.83,15,110,59,0,0,0.0,7.97,2,0.15,Bajo
1baa4962-ef3e-42a9-a5f1-35dc52d5fb6d,Juan Gómez,0913871639,Microempresa,Servicios Personales e Independientes,Pichincha,32,Masculino,7,25,59.31,2,22,2,0,0,0.0,91.39,3,0.18,Bajo
9325190d-434d-4392-ade9-b486172d13ac,Pedro Ruiz,0955711255,Microempresa,Entretenimiento y Educación,Guayas,18,Femenino,6,20,17.24,3,17,0,2,0,0.0,26.5,1,0.1385,Bajo
53d50cdf-b14e-469b-9145-c2e94e6f0bb9,Juan Gómez,0907753637,Microempresa,Comercio Minorista,Pichincha,27,Masculino,8,78,18.39,5,50,22,0,0,0.0,17.15,0,0.0458,Bajo
3b252d01-1e86-4a9c-a18d-79c8056dad3c,Juan Gómez,0966148121,Microempresa,Comercio Minorista,Loja,25,Masculino,21,23,6.55,2,15,6,2,0,0.0,3.32,12,0.6951,Alto
4eb81982-e09f-4895-861b-21ba408a9c0a,Diego Castro,0919255950,Microempresa,Entretenimiento y Educación,Manabí,26,Femenino,24,18,25.45,1,16,1,1,1,0.0,15.69,1,0.7994,Alto
bb0cdc79-b52f-4e72-bd49-4c1604cab618,Juan Gómez,0951283300,Microempresa,Alimentación y Gastronomía,Guayas,30,Masculino,23,57,6.33,4,46,7,0,0,0.0,9.73,2,0.1423,Bajo
3a6c3f31-454f-4a32-8b38-1bb2ddeadce4,Ana Torres,0947962679,Pequeña Empresa,Alimentación y Gastronomía,Chimborazo,19,Masculino,7,213,1.77,40,137,36,0,0,0.0,122.39,1,0.0472,Bajo
2f66ff9f-3a09-43d8-b223-1385ddf03925,Andrés Díaz,0934410137,Microempresa,Servicios Personales e Independientes,Pichincha,29,Femenino,21,13,5.32,2,10,1,0,0,0.0,33.98,9,0.6021,Medio
f8133a69-1373-49e7-a391-0e3b30675432,Lucía Mora,0979950660,Pequeña Empresa,Moda y Estilo de Vida,Guayas,22,Femenino,29,29,28.25,5,17,7,0,0,0.0,154.21,0,0.0566,Bajo
9f31a231-8ab3-4cf2-9a04-930b7e6b1726,Sofía Vega,0945067346,Microempresa,Servicios Personales e Independientes,Manabí,27,Femenino,15,34,3.62,3,27,3,0,0,0.0,5.19,6,0.4269,Medio
d93386a6-6344-4e7b-a2f6-255287630043,Ana Torres,0950245966,Microempresa,Servicios Personales e Independientes,Cotopaxi,32,Masculino,8,32,6.41,6,24,2,0,0,0.0,4.77,1,0.1151,Bajo
227e1f31-4e1c-4c00-b964-5984a6976f43,Pedro Ruiz,0923671567,Microempresa,Moda y Estilo de Vida,Manabí,31,Femenino,22,7,30.09,1,5,2,0,0,0.0,63.22,1,0.15,Bajo
23afd670-79a1-4bda-aa70-369d6db608b3,María Pérez,0928557202,Microempresa,Servicios Personales e Independientes,Pichincha,32,Masculino,7,19,3.48,3,18,0,0,0,0.0,26.71,5,0.3023,Bajo
9fa9f142-6714-4e46-a44f-cc51914ee4b7,Lucía Mora,0909536141,Microempresa,Alimentación y Gastronomía,Guayas,25,Femenino,6,78,1.5,12,54,11,0,0,0.0,15.49,1,0.072,Bajo
9a9367bc-66ac-4b46-a58b-18836f8a09da,Juan Gómez,0954104249,Pequeña Empresa,Alimentación y Gastronomía,Santo Domingo,26,Masculino,7,54,1.82,10,36,8,0,0,0.0,22.19,7,0.506,Medio
d79f54b4-be99-41ad-8a8f-7506854bcfde,María Pérez,0947179943,Microempresa,Servicios Personales e Independientes,Esmeraldas,29,Femenino,23,19,21.58,3,16,0,1,0,0.0,29.0,1,0.1518,Bajo
48323a47-1b98-4bf8-809c-66a8e5f4c328,Andrés Díaz,0968020572,Microempresa,Servicios Personales e Independientes,Tungurahua,30,Masculino,32,90,4.83,14,68,8,0,0,0.0,8.36,5,0.2764,Bajo
8ac1efa0-ef19-48df-9a00-ca1bee95fb13,Pedro Ruiz,0913070829,Microempresa,Moda y Estilo de Vida,Pichincha,18,Masculino,35,11,86.94,2,7,2,0,0,0.0,225.05,2,0.1248,Bajo
ce31080d-ddf2-48a5-9abb-4c906376d1a0,Carlos López,0948101558,Microempresa,Comercio Minorista,Guayas,32,Masculino,19,173,3.57,32,142,0,1,0,0.0,5.02,0,0.0484,Bajo
a5b2727c-e12b-4829-80c9-8c2059353d58,Carmen Ríos,0923429147,Microempresa,Comercio Minorista,Orellana,24,Femenino,6,53,20.27,7,43,3,0,0,0.0,9.17,2,0.0881,Bajo
8329590a-bf13-4c11-b535-a6cce07dac5d,Carlos López,0990380821,Microempresa,Servicios Personales e Independientes,Cañar,18,Masculino,33,12,39.63,1,11,0,2,0,0.0,9.54,9,0.7287,Alto
29a300e6-cd2b-4304-8f4f-8511f3d7d93f,Lucía Mora,0950316081,Microempresa,Moda y Estilo de Vida,Sucumbíos,22,Femenino,16,6,9.4,1,5,0,0,0,0.0,20.9,1,0.1129,Bajo
590f1426-9423-42df-a17b-374215526cf0,Ana Torres,0956071410,Microempresa,Moda y Estilo de Vida,Pichincha,26,Femenino,13,5,12.37,1,3,1,1,1,0.0,10.06,1,0.8453,Alto
6d6712f3-4f60-4d08-97e0-7d3545ce2efd,Diego Castro,0971733532,Microempresa,Alimentación y Gastronomía,Guayas,29,Masculino,13,169,2.06,22,131,16,1,0,0.0,1.75,2,0.0909,Bajo
cc1897d0-7040-4512-ac9c-6cef11671935,Diego Castro,0980483279,Microempresa,Alimentación y Gastronomía,Pichincha,31,Femenino,33,103,3.94,16,66,21,1,0,0.0,18.64,6,0.2684,Bajo
4bb8fe6d-0cb6-414b-b39d-cf2c808b5bdf,Lucía Mora,0978019583,Microempresa,Comercio Minorista,Pichincha,36,Masculino,35,222,3.66,32,144,45,0,0,0.0048,12.82,2,0.2719,Bajo
de4015f3-2699-45f6-a377-cc2480d4669e,Diego Castro,0935663108,Microempresa,Moda y Estilo de Vida,Guayas,24,Masculino,20,17,9.28,1,12,4,0,0,0.0,54.78,2,0.0408,Bajo
c62bcb9a-2145-4b16-959d-e4bca414864d,Diego Castro,0951528585,Microempresa,Comercio Minorista,Napo,24,Masculino,28,53,7.37,6,38,9,0,0,0.0,18.52,4,0.3584,Medio
aedb698f-bc76-45ea-8117-c7c3371730ec,Diego Castro,0949902303,Microempresa,Comercio Minorista,Tungurahua,27,Femenino,32,20,17.37,2,14,4,0,0,0.0,8.3,4,0.4279,Medio
b0e8efa4-c29f-4ea0-8533-2de0bd772c52,Lucía Mora,0995389813,Microempresa,Servicios Personales e Independientes,Imbabura,36,Masculino,13,11,16.01,2,10,0,0,0,0.0,36.49,7,0.7205,Alto
3d7e6a3e-860d-425d-8556-164ac43d100c,Andrés Díaz,0967485474,Microempresa,Comercio Minorista,El Oro,30,Femenino,29,155,12.54,30,90,35,0,0,0.0,23.3,5,0.2711,Bajo
c96b57cc-45f5-4188-ac6f-b3b433db37a8,María Pérez,0967854933,Microempresa,Comercio Minorista,Bolívar,27,Masculino,27,59,3.34,10,37,12,0,0,0.0,2.8,1,0.1264,Bajo
9a0cedd2-b58d-463e-a99d-555e0a7a927d,Juan Gómez,0949607467,Microempresa,Alimentación y Gastronomía,El Oro,22,Masculino,21,118,2.14,10,87,22,1,0,0.0,22.87,4,0.2789,Bajo
9032630d-7f9a-47c8-973d-a1e82d09eeca,Carlos López,0902736837,Mediana Empresa A,Servicios Personales e Independientes,Guayas,34,Femenino,20,9,12.03,1,9,0,1,0,0.0,5.95,3,0.5005,Medio
fcf16ad0-e5a6-4f8a-b90b-52f9e6e6341c,Lucía Mora,0984566452,Microempresa,Alimentación y Gastronomía,El Oro,24,Masculino,25,41,3.56,2,30,9,1,0,0.0,40.77,11,0.6313,Medio
ebc05967-669f-4c1b-b3ba-7894cbe77df9,Diego Castro,0932868798,Microempresa,Entretenimiento y Educación,El Oro,33,Femenino,8,5,14.2,1,4,0,3,0,0.0,48.08,3,0.4262,Medio
d633a545-6544-44e4-b9c2-e81829e873f9,Sofía Vega,0927128741,Microempresa,Servicios Personales e Independientes,Pichincha,38,Femenino,21,77,15.92,7,62,8,0,0,0.0,20.31,1,0.0298,Bajo
d49f48bd-3c3e-484a-9599-5fe910bd9e92,Ana Torres,0990696878,Microempresa,Comercio Minorista,Pichincha,26,Femenino,31,207,4.05,18,151,37,0,0,0.0,26.5,4,0.2138,Bajo
a4823e0f-ad7f-41f2-a6c4-ba22126904be,Pedro Ruiz,0997192419,Microempresa,Alimentación y Gastronomía,Guayas,20,Femenino,32,30,1.5,2,22,6,0,0,0.0,7.58,2,0.0739,Bajo
77394a60-5b34-45af-a4cc-1aea285ec32e,Ana Torres,0982545303,Microempresa,Servicios Personales e Independientes,Guayas,20,Masculino,18,22,16.58,4,17,1,1,0,0.0,4.03,5,0.5915,Medio
44606c48-06e9-4a39-b3e9-35ba1d318ce9,Pedro Ruiz,0926395579,Microempresa,Servicios Personales e Independientes,Guayas,21,Femenino,24,13,36.71,1,10,2,1,0,0.0,6.03,1,0.1472,Bajo
933c044a-d84e-4fd5-8905-623db5eeb199,María Pérez,0982911665,Microempresa,Alimentación y Gastronomía,Sucumbíos,28,Femenino,16,83,2.25,11,69,2,0,0,0.0,77.74,6,0.0884,Bajo
ecf1cf1a-9b24-432f-af95-108960de094c,Lucía Mora,0942065304,Microempresa,Alimentación y Gastronomía,Guayas,29,Masculino,4,148,7.87,10,89,49,0,0,0.0,9.84,0,0.055,Bajo
d4bb6ef2-afff-41b1-9f7e-095cfa181b95,Ana Torres,0953042879,Microempresa,Alimentación y Gastronomía,Los Ríos,29,Masculino,19,60,1.5,9,42,9,0,0,0.0,1.31,3,0.1577,Bajo
5c24f2f6-2ba4-4bb0-bc6a-900d5edf3cda,Ana Torres,0952172821,Microempresa,Alimentación y Gastronomía,Pichincha,28,Masculino,1,61,2.04,10,42,10,0,0,0.0,3.33,8,0.5757,Medio
1535df12-5014-4f92-b176-f64d1ab28cdc,Diego Castro,0966121712,Microempresa,Alimentación y Gastronomía,Tungurahua,34,Femenino,15,122,2.34,10,79,33,2,0,0.0,257.38,3,0.1363,Bajo
1628a976-83ad-46a4-ac68-440ad159ed03,Pedro Ruiz,0978484889,Microempresa,Comercio Minorista,Guayas,33,Masculino,11,30,30.88,4,20,6,0,0,0.0,67.61,0,0.0387,Bajo
21b75db7-ee94-444c-bd1b-df2941e9b9f4,Sofía Vega,0966563127,Microempresa,Servicios Personales e Independientes,Azuay,25,Masculino,13,8,2.97,1,8,0,0,0,0.0,90.57,1,0.0496,Bajo
499df497-91cd-42ee-980a-4b413aeba150,María Pérez,0989138935,Microempresa,Servicios Personales e Independientes,Pichincha,30,Masculino,30,6,32.16,1,4,1,0,0,0.0,15.47,2,0.3892,Medio
c4f232ba-af03-487f-86cb-6aff6e648c93,Sofía Vega,0947243877,Microempresa,Servicios Personales e Independientes,Loja,19,Femenino,32,125,16.76,24,95,6,0,0,0.0,113.72,1,0.0345,Bajo
ca0a1f74-6fec-4655-9c73-e21a2501c115,Diego Castro,0950431612,Microempresa,Servicios Personales e Independientes,Pichincha,30,Masculino,31,5,48.62,1,4,1,0,0,0.0,57.01,2,0.2607,Bajo
5b92babf-7eb0-47ad-9f8b-50822ac11837,Pedro Ruiz,0961376840,Microempresa,Comercio Minorista,Cañar,28,Masculino,21,49,4.13,5,30,14,0,0,0.0,95.09,3,0.1429,Bajo
db125a9e-314b-4467-b680-33984aabdcd5,María Pérez,0983712218,Microempresa,Alimentación y Gastronomía,Guayas,21,Femenino,32,55,2.02,10,46,0,0,0,0.0,20.33,0,0.1001,Bajo
bec9da3b-e68a-4927-b2e1-74b2643b46c5,Andrés Díaz,0993244950,Microempresa,Comercio Minorista,Guayas,29,Femenino,34,71,3.59,14,52,5,3,0,0.0,47.94,0,0.1075,Bajo
72235dee-7060-4847-aa79-f796eabc238b,Pedro Ruiz,0978457272,Microempresa,Alimentación y Gastronomía,Pichincha,28,Masculino,8,76,1.5,15,49,12,0,0,0.0,104.92,3,0.0802,Bajo
3ed4e716-555b-4277-862c-f6d4b6ee28aa,Lucía Mora,0992496178,Microempresa,Servicios Personales e Independientes,Azuay,29,Femenino,35,57,47.16,10,54,0,0,0,0.0,118.33,1,0.0522,Bajo
6ac06938-b34c-4f61-b53e-672cd6d5d9dc,Sofía Vega,0912374884,Microempresa,Moda y Estilo de Vida,Guayas,31,Masculino,2,41,31.94,3,30,8,0,0,0.0,117.72,4,0.3879,Medio
e512a175-6dac-445a-8f5b-cec4164c3e3d,Andrés Díaz,0983960730,Microempresa,Moda y Estilo de Vida,Pichincha,31,Femenino,8,27,70.85,3,18,6,0,0,0.0,1.26,0,0.0578,Bajo
a7f46906-4e67-422c-94c4-f7085a63b2cf,Juan Gómez,0983000173,Microempresa,Alimentación y Gastronomía,Tungurahua,31,Femenino,12,77,4.65,5,51,21,0,0,0.0055,3.69,1,0.082,Bajo
5ca562f3-9fe2-4373-a385-6de92e2ae794,Pedro Ruiz,0969711111,Microempresa,Comercio Minorista,Pichincha,18,Masculino,27,81,20.13,13,55,12,0,0,0.0,20.13,3,0.1689,Bajo
ed5092cc-dcc0-4ccd-8b95-3770b9f99761,Diego Castro,0979984474,Microempresa,Comercio Minorista,Azuay,27,Femenino,6,12,16.03,1,7,4,0,0,0.0,5.1,7,0.7724,Alto
0660e337-e555-4940-9c41-0e82b04ecef5,Pedro Ruiz,0956849674,Microempresa,Servicios Personales e Independientes,Guayas,24,Masculino,35,19,71.74,3,15,1,0,0,0.0,6.33,1,0.1288,Bajo
0e637fa6-ee12-486e-a72e-8175cd922c41,Diego Castro,0900084691,Microempresa,Entretenimiento y Educación,Esmeraldas,30,Masculino,10,11,6.49,2,9,0,0,0,0.0,1.64,3,0.3797,Medio
1fc0c91c-a499-47d3-8cb3-69a8a74987ae,Carmen Ríos,0979892308,Microempresa,Comercio Minorista,Guayas,33,Femenino,33,88,40.29,8,64,17,1,0,0.0,63.11,11,0.5471,Medio
746b28a3-a939-474b-b821-df8f716ab5d9,Juan Gómez,0991368199,Microempresa,Servicios Personales e Independientes,Manabí,34,Femenino,36,19,7.42,3,17,0,0,0,0.0,9.76,6,0.3257,Bajo
a233b619-941d-4d23-b17c-a834b209c5a2,Pedro Ruiz,0955571202,Microempresa,Comercio Minorista,Guayas,27,Masculino,19,19,16.4,2,12,5,1,0,0.0,22.44,0,0.112,Bajo
4ea41b4b-752a-413e-b943-9fdd85ac54c6,Diego Castro,0915199658,Microempresa,Servicios Personales e Independientes,Santo Domingo,32,Femenino,2,19,42.26,2,18,0,0,0,0.0,7.29,14,0.8762,Alto
9f4569f2-fd67-4e6c-b5a6-895bae91c065,Carmen Ríos,0945893706,Microempresa,Alimentación y Gastronomía,Pichincha,29,Masculino,6,49,5.14,6,35,8,1,0,0.0,4.45,0,0.0792,Bajo
2043aa53-41a7-4220-8649-81f58664593f,Carmen Ríos,0942122060,Microempresa,Comercio Minorista,Pichincha,30,Femenino,31,31,15.12,5,20,6,0,0,0.0,9.76,1,0.0485,Bajo
098cb70f-0b16-41ca-bfe3-bd17e3c2d5bd,Sofía Vega,0981467131,Microempresa,Alimentación y Gastronomía,Tungurahua,28,Femenino,15,43,3.06,5,28,10,1,0,0.0,947.68,3,0.1273,Bajo
59c8d791-1554-4326-a31d-78002e56ac05,Ana Torres,0918695353,Pequeña Empresa,Moda y Estilo de Vida,Pichincha,33,Femenino,7,35,20.96,2,21,11,0,0,0.0,5.97,0,0.1004,Bajo
a8820490-f33d-4d68-8844-8ca2a8c8f8a8,Diego Castro,0918554262,Microempresa,Servicios Personales e Independientes,Pichincha,27,Masculino,3,26,39.65,5,23,0,1,0,0.0,20.93,0,0.3807,Medio
b4639e2a-d990-43a6-97db-44880f24fc22,Lucía Mora,0999268036,Microempresa,Servicios Personales e Independientes,Manabí,30,Masculino,4,39,11.23,2,29,8,1,0,0.0,88.51,2,0.0912,Bajo
bad39453-9779-42a9-a9e2-a952aff8c378,Ana Torres,0910543403,Microempresa,Alimentación y Gastronomía,Los Ríos,35,Femenino,14,34,1.5,2,23,9,1,0,0.0,63.6,1,0.0269,Bajo
d3b1c101-60cd-4da1-bd3d-729fd02530e0,Lucía Mora,0917416201,Microempresa,Comercio Minorista,Pichincha,23,Masculino,3,251,1.5,19,207,26,1,0,0.0,120.95,2,0.1276,Bajo
2bfa6390-7b93-45ef-a944-7eb55c4f74cc,Carlos López,0929980701,Microempresa,Alimentación y Gastronomía,Guayas,28,Femenino,2,51,8.46,6,39,6,1,0,0.0,4.07,1,0.1625,Bajo
8a43964d-8490-4f95-80b9-10cb683686fb,Lucía Mora,0915906096,Microempresa,Alimentación y Gastronomía,Azuay,23,Femenino,26,211,5.29,25,149,38,0,0,0.0,40.61,2,0.1714,Bajo
cd561d5b-003f-42e4-bfba-3e6d0c007513,Pedro Ruiz,0924301059,Pequeña Empresa,Comercio Minorista,Guayas,31,Femenino,19,51,5.59,8,32,11,0,0,0.0,3.96,0,0.1388,Bajo
a7cda29c-7782-4d50-bdfc-7764f5cc9f81,Ana Torres,0921776353,Microempresa,Comercio Minorista,Manabí,30,Masculino,22,59,35.8,10,43,6,0,0,0.0,23.44,4,0.3206,Bajo
ec7a4547-d90b-4bd0-ab2d-c4dab3f4a29c,Juan Gómez,0972170042,Microempresa,Alimentación y Gastronomía,Galápagos,32,Femenino,3,116,4.68,6,75,35,1,0,0.0,20.34,11,0.6093,Medio
bec3e505-3ccf-41f4-8b61-e3a62cf9795c,Pedro Ruiz,0995931486,Microempresa,Servicios Personales e Independientes,Guayas,31,Femenino,30,19,5.63,3,16,0,0,0,0.0,1.99,11,0.4209,Medio
a577ea6d-672e-46dd-86cf-3f8d249a8ba7,Diego Castro,0992583410,Microempresa,Alimentación y Gastronomía,Manabí,28,Masculino,18,36,3.71,5,26,5,1,1,0.0,12.15,9,0.9042,Alto
4a4a6d43-8f05-4407-a708-e66b898e7d60,Ana Torres,0937870019,Microempresa,Comercio Minorista,Cañar,23,Masculino,18,329,2.07,34,267,28,1,1,0.0,19.09,1,0.2868,Bajo
64a58ac3-5c61-4538-a176-69b427896960,Diego Castro,0924791494,Microempresa,Comercio Minorista,Manabí,37,Masculino,7,151,1.5,24,112,15,1,1,0.0,117.2,1,0.2987,Bajo
af34d274-1461-4c71-9210-38d5040b7055,Lucía Mora,0920289792,Microempresa,Servicios Personales e Independientes,Pichincha,34,Masculino,29,40,13.28,4,35,0,1,0,0.0,12.65,3,0.2504,Bajo
6c5ab29a-9297-42ff-bf3e-0a7d14421426,Diego Castro,0973734094,Microempresa,Alimentación y Gastronomía,Los Ríos,27,Masculino,24,56,5.08,10,46,1,0,0,0.0,7.93,3,0.2407,Bajo
6c3d3ff8-6114-4a1f-b961-2784a5dda6ac,Carlos López,0920468526,Microempresa,Entretenimiento y Educación,Guayas,31,Masculino,14,7,38.25,1,7,0,2,0,0.0,2.6,5,0.8337,Alto
6ea18be7-311f-425a-abc5-d8c915a1279f,María Pérez,0917279315,Gran Empresa,Comercio Minorista,Azuay,29,Femenino,6,147,7.32,14,121,12,0,0,0.0,15.47,2,0.1982,Bajo
85144bae-754b-403c-b257-239d074e6335,Andrés Díaz,0976730723,Microempresa,Entretenimiento y Educación,Guayas,33,Masculino,30,2,32.07,0,2,0,1,1,0.0,122.01,0,0.4285,Medio
a195bd69-157c-409a-b56e-c2f4c96e882a,Andrés Díaz,0935892367,Microempresa,Alimentación y Gastronomía,Pichincha,27,Femenino,11,187,1.5,34,144,9,1,0,0.0,26.7,1,0.2291,Bajo
b43f381c-786e-4e9d-865c-d7f91e95db09,Ana Torres,0983009348,Microempresa,Comercio Minorista,Guayas,35,Masculino,19,37,15.07,5,28,4,3,0,0.0,5.08,0,0.0656,Bajo
0703ca9b-9cd1-442c-a028-c9db16aeb9bb,Carlos López,0911268608,Microempresa,Comercio Minorista,El Oro,29,Femenino,7,38,3.7,6,30,2,0,0,0.0,111.19,1,0.0234,Bajo
aae557db-e651-4f8e-9f1c-7fab436cc478,Andrés Díaz,0918518184,Pequeña Empresa,Comercio Minorista,Guayas,18,Femenino,8,91,12.73,6,76,9,0,0,0.0,798.07,0,0.049,Bajo
f896e3c6-0f29-47bd-8ef1-ece25aa844b3,Pedro Ruiz,0961958058,Microempresa,Entretenimiento y Educación,Guayas,33,Masculino,33,48,21.7,5,41,3,0,0,0.0,6.72,5,0.4463,Medio
ffc5eef5-793d-4698-946b-91dec23d301e,Juan Gómez,0975441608,Microempresa,Servicios Personales e Independientes,Loja,25,Masculino,24,14,39.42,1,11,2,0,0,0.0,5.82,4,0.537,Medio
95c0ffe5-1682-4ba0-bd7b-09cb53652884,Andrés Díaz,0932995100,Microempresa,Entretenimiento y Educación,Pichincha,28,Femenino,27,12,17.61,2,10,0,0,0,0.0,0.66,1,0.0666,Bajo
e5e1a5e7-e625-4e21-b0a2-d3d83e356847,Sofía Vega,0986008962,Microempresa,Alimentación y Gastronomía,Pichincha,28,Femenino,30,25,15.02,3,19,3,0,0,0.003,221.64,0,0.1588,Bajo
8d5da747-0720-46de-b64c-6ab0448266c1,Ana Torres,0905476006,Microempresa,Servicios Personales e Independientes,Pichincha,26,Femenino,10,11,50.59,1,10,0,0,0,0.0,102.66,5,0.2444,Bajo
ac120529-25e4-4a07-acc4-36fe1fb57b08,Pedro Ruiz,0943315521,Microempresa,Comercio Minorista,Pichincha,38,Masculino,32,28,10.47,4,18,6,0,0,0.0,15.45,1,0.0755,Bajo
c25b8a20-53f4-4475-96af-c8609db10313,Diego Castro,0908843348,Pequeña Empresa,Servicios Personales e Independientes,Pichincha,32,Masculino,29,24,41.32,3,18,3,3,0,0.0,181.01,1,0.0545,Bajo
6e00e901-e5ec-48b3-aa6c-6b2c9010594d,Sofía Vega,0962782398,Microempresa,Alimentación y Gastronomía,Pichincha,18,Femenino,30,114,5.09,18,94,2,1,0,0.0,7.01,0,0.0624,Bajo
765d504b-a39b-45de-be4b-c8c7fdaabfb5,Andrés Díaz,0995997758,Microempresa,Alimentación y Gastronomía,Pichincha,35,Masculino,24,37,5.03,4,31,2,0,0,0.0,52.7,6,0.1848,Bajo
3a6ad16a-7b99-466f-a1d5-83126cc4aa8d,Andrés Díaz,0907376108,Microempresa,Alimentación y Gastronomía,Pichincha,22,Femenino,13,127,1.5,20,75,32,0,0,0.0,180.58,8,0.2808,Bajo
4c623d8d-e433-4934-b947-e334ba5caf0e,Carmen Ríos,0900736408,Microempresa,Moda y Estilo de Vida,Guayas,36,Femenino,15,36,34.77,4,26,6,0,0,0.0,24.39,6,0.4027,Medio
9506b078-4d28-4bfc-9347-f006a18e96fb,Carmen Ríos,0991432253,Microempresa,Servicios Personales e Independientes,Carchi,26,Femenino,27,6,23.7,1,5,0,0,0,0.0,5.18,1,0.2733,Bajo
0e66051e-a3c0-42e6-8353-982ae95f6400,Pedro Ruiz,0956684453,Microempresa,Comercio Minorista,Guayas,28,Masculino,25,60,6.79,8,37,14,0,0,0.0,3.38,0,0.1143,Bajo
720147ca-020e-487c-b45f-85ceb6a43d17,Ana Torres,0978540776,Microempresa,Alimentación y Gastronomía,Pichincha,29,Femenino,1,105,1.5,13,62,31,1,1,0.0,9.1,9,0.7147,Alto
ec2a384f-a084-40d0-8d42-25dec9ac5368,Carlos López,0965216495,Microempresa,Alimentación y Gastronomía,Tungurahua,30,Masculino,23,30,3.34,5,24,1,0,0,0.0,90.69,0,0.0332,Bajo
288e7d97-3fe7-497c-a010-ff2fea52e1c2,María Pérez,0906965564,Microempresa,Alimentación y Gastronomía,Guayas,20,Masculino,19,178,1.67,13,151,14,0,0,0.0012,105.12,1,0.1357,Bajo
e3c141f2-516b-48ea-823a-7436d4dc2988,Pedro Ruiz,0949743510,Microempresa,Alimentación y Gastronomía,Manabí,31,Masculino,30,134,1.85,10,78,46,2,0,0.0,6.38,4,0.2122,Bajo
de802089-7199-4c96-83a2-daba21c7a0b6,María Pérez,0913309667,Microempresa,Servicios Personales e Independientes,Los Ríos,18,Masculino,31,15,8.7,2,11,2,0,0,0.0,53.27,6,0.4543,Medio
0582803d-ed0e-48bb-bdc0-ea9ccbec012a,Carmen Ríos,0966745287,Microempresa,Alimentación y Gastronomía,Pichincha,27,Masculino,16,247,1.51,40,198,9,1,0,0.0,0.73,1,0.0982,Bajo
c4ab7dfd-01ca-4d31-94fd-ac004061c286,Carlos López,0973209622,Microempresa,Alimentación y Gastronomía,Sucumbíos,18,Masculino,31,101,2.9,15,71,15,2,1,0.0,16.21,3,0.5197,Medio
67e2f6c0-4d09-4aa1-80ca-a78980a43a09,Carlos López,0998193889,Microempresa,Alimentación y Gastronomía,Pichincha,27,Femenino,5,41,3.24,6,27,8,2,0,0.0,22.41,0,0.1175,Bajo
a60690ef-9d35-437d-b92a-99b202aa9db6,Diego Castro,0944690005,Microempresa,Comercio Minorista,Pichincha,26,Masculino,20,161,7.76,29,122,10,1,0,0.0,33.3,2,0.1485,Bajo
20fb115f-fa9b-4ec6-9d2e-e3d88e4f4814,Pedro Ruiz,0999376393,Microempresa,Comercio Minorista,Guayas,33,Masculino,14,230,2.86,21,155,54,0,0,0.0,198.6,0,0.0319,Bajo
6a129405-8e8c-4505-9687-6d371c776722,Lucía Mora,0956518116,Microempresa,Comercio Minorista,Imbabura,29,Femenino,13,60,13.65,6,36,18,1,0,0.0,1.11,0,0.1301,Bajo
4ad7c95f-3500-434d-b71f-a372c6849e03,Andrés Díaz,0929644115,Microempresa,Comercio Minorista,Los Ríos,35,Femenino,30,131,4.67,10,96,25,3,0,0.018,9.87,3,0.4993,Medio
99206184-6081-4061-955e-55d22ec49ba8,Carmen Ríos,0981242669,Microempresa,Alimentación y Gastronomía,Pichincha,34,Masculino,36,59,6.84,8,44,7,1,0,0.0,23.24,3,0.2061,Bajo
94cce87c-bef4-4208-8a72-6152365cc4f9,Carmen Ríos,0979286913,Microempresa,Comercio Minorista,Manabí,36,Masculino,11,42,26.45,2,31,8,0,0,0.0,7.97,1,0.0887,Bajo
f7af1db3-e391-4a14-8252-2714899bfeef,Pedro Ruiz,0988998734,Gran Empresa,Comercio Minorista,Pichincha,27,Femenino,7,56,27.23,11,38,7,2,0,0.0,1.61,2,0.0907,Bajo
b7b13003-5f70-4150-b87a-1e964125752d,Ana Torres,0990777035,Microempresa,Servicios Personales e Independientes,Loja,32,Masculino,30,15,19.91,1,11,3,2,1,0.0044,25.34,0,0.6794,Alto
932cfcd4-a0de-4661-840d-39195eae3a67,María Pérez,0906827938,Microempresa,Comercio Minorista,Pichincha,32,Femenino,12,52,15.69,5,36,12,2,0,0.0,6.34,1,0.1258,Bajo
c858a6df-ae91-41d7-9ce8-e0929b3f645d,Diego Castro,0957984321,Microempresa,Alimentación y Gastronomía,Pichincha,20,Femenino,36,247,10.65,21,176,51,2,1,0.0,4.01,2,0.2847,Bajo
cdffd728-a4c9-4179-8373-a239ddd70622,Diego Castro,0921130596,Microempresa,Alimentación y Gastronomía,Guayas,27,Masculino,14,85,2.11,15,67,2,0,0,0.0,13.18,5,0.2411,Bajo
87891b54-009d-49d7-abee-2a710766dc50,Juan Gómez,0992511982,Microempresa,Alimentación y Gastronomía,Guayas,21,Femenino,14,78,1.5,15,63,0,0,0,0.0,1.14,1,0.0522,Bajo
628133ff-3022-4f74-9ec8-d442f2570534,Pedro Ruiz,0984522849,Microempresa,Comercio Minorista,Pichincha,32,Femenino,21,87,6.6,16,72,0,0,0,0.0,4.72,1,0.0188,Bajo
d2fb61f0-b7dc-4929-ae76-8454310c6f95,Sofía Vega,0947164082,Microempresa,Moda y Estilo de Vida,Guayas,28,Masculino,22,8,85.73,1,5,2,2,0,0.0,0.84,1,0.4495,Medio
3cf4dbf0-280c-43ff-9ea0-a84b15e73d3e,Lucía Mora,0974040871,Microempresa,Alimentación y Gastronomía,Pichincha,35,Masculino,17,50,3.16,3,36,11,0,0,0.0,5.59,1,0.0481,Bajo
2ad3fc28-7f80-4446-bf0c-109227475d75,Juan Gómez,0944275080,Microempresa,Comercio Minorista,Tungurahua,25,Femenino,22,44,12.06,5,31,7,0,0,0.0,17.58,1,0.0406,Bajo
5403d249-4df7-4257-b490-3683718d2c70,Juan Gómez,0962090345,Microempresa,Comercio Minorista,Guayas,21,Masculino,13,49,8.04,8,41,0,0,0,0.0,2.49,2,0.0886,Bajo
35507f59-f549-4734-b902-74056d6e40ba,Sofía Vega,0931451421,Microempresa,Servicios Personales e Independientes,Carchi,26,Masculino,18,25,24.39,2,21,2,0,0,0.0,13.91,0,0.1436,Bajo
68c2cb1c-67ee-452b-aec6-438433a010fb,Diego Castro,0998852299,Microempresa,Comercio Minorista,Guayas,38,Masculino,33,126,13.28,18,77,32,3,0,0.0,8.74,1,0.0907,Bajo
7ab0642a-d68f-4bfa-8910-bd43be520734,Diego Castro,0976418839,Pequeña Empresa,Alimentación y Gastronomía,Azuay,19,Masculino,30,99,7.15,6,72,22,1,0,0.0,28.57,4,0.3425,Bajo
953434e8-71c4-404d-94e8-14972e8db828,Andrés Díaz,0959296694,Microempresa,Comercio Minorista,Pichincha,36,Masculino,29,50,17.95,3,35,12,2,0,0.0,2.08,2,0.0942,Bajo
7da21469-d8d9-4362-a499-e48ccb71d978,Juan Gómez,0956831955,Microempresa,Entretenimiento y Educación,Tungurahua,31,Femenino,23,24,48.34,4,20,0,0,0,0.0,71.53,1,0.0245,Bajo
c398ed68-ac19-44de-bca0-945382c07938,Lucía Mora,0991006829,Microempresa,Alimentación y Gastronomía,Guayas,27,Masculino,21,209,4.64,12,148,50,0,0,0.0,6.79,2,0.0796,Bajo
7a53ab37-80d7-497c-bbce-aedd75091d43,Pedro Ruiz,0905204068,Microempresa,Entretenimiento y Educación,Pichincha,32,Masculino,26,6,12.23,1,5,0,2,0,0.0,59.67,4,0.371,Medio
419b0f23-26d3-4731-86e1-a3699b26a04d,Ana Torres,0970585678,Microempresa,Servicios Personales e Independientes,Guayas,25,Femenino,5,2,32.22,0,2,0,1,0,0.0,10.32,3,0.6641,Alto
f874b48d-18e7-468f-8381-3a6de6cabbd9,Pedro Ruiz,0955627119,Microempresa,Comercio Minorista,Imbabura,27,Femenino,24,75,5.49,7,55,13,1,0,0.0,59.77,1,0.0826,Bajo
0ead8d88-8e55-4ee1-a823-d7770ddc9665,Sofía Vega,0900772495,Microempresa,Alimentación y Gastronomía,Bolívar,25,Masculino,7,91,3.36,14,61,16,0,0,0.0,7.23,6,0.2599,Bajo
efd1869c-bcf3-412c-9973-0319b2a59289,Carmen Ríos,0901333098,Microempresa,Comercio Minorista,Pichincha,18,Femenino,31,47,5.91,7,40,1,1,0,0.0,37.5,3,0.2406,Bajo
52fad3f7-c06b-4e2d-bf3a-6e679052433b,Diego Castro,0957573496,Microempresa,Alimentación y Gastronomía,Loja,19,Masculino,24,48,2.92,9,28,11,2,1,0.0,9.13,4,0.6449,Medio
a42af6b3-c514-4326-a077-9d8e36a6bdae,Juan Gómez,0945738638,Microempresa,Alimentación y Gastronomía,Guayas,29,Femenino,29,98,2.21,18,71,9,0,0,0.0,41.72,2,0.1214,Bajo
495edb7f-4565-446d-88f9-209032716520,Sofía Vega,0971276504,Microempresa,Comercio Minorista,Orellana,27,Masculino,29,182,17.84,16,131,35,0,0,0.0,0.2,11,0.712,Alto
2f463392-ca09-4b6d-a74d-20faf4ddd457,Carmen Ríos,0934738603,Microempresa,Alimentación y Gastronomía,Imbabura,31,Masculino,36,123,1.5,21,97,5,0,0,0.0,14.93,1,0.0574,Bajo
6674856f-9adb-4636-802c-3625690537bf,Sofía Vega,0960013366,Microempresa,Comercio Minorista,Tungurahua,34,Masculino,8,18,14.82,3,12,3,0,0,0.0,18.33,2,0.0595,Bajo
33f1615f-27c3-4a89-bdb3-6ea06983cf9b,Juan Gómez,0986754706,Microempresa,Comercio Minorista,Los Ríos,26,Femenino,28,27,14.87,2,17,8,1,0,0.0,69.24,5,0.2786,Bajo
7963b6a4-ead6-471e-ab3f-26dbd42adcc5,María Pérez,0907702859,Microempresa,Servicios Personales e Independientes,Tungurahua,34,Masculino,23,16,91.49,1,14,1,1,0,0.0,13.56,6,0.4799,Medio
40bdda0f-2f37-4ee3-adfc-3f617cb549ab,Andrés Díaz,0905930366,Microempresa,Alimentación y Gastronomía,Pichincha,30,Femenino,23,13,8.14,2,9,2,1,0,0.0,1.27,1,0.0678,Bajo
df4b917d-8c75-411c-9811-731d461c7051,Ana Torres,0933942043,Microempresa,Moda y Estilo de Vida,Pichincha,23,Femenino,29,5,16.79,1,4,0,0,0,0.0,31.47,2,0.1544,Bajo
3348f673-bd50-420a-8495-2f425c13ece7,Sofía Vega,0911275498,Microempresa,Comercio Minorista,Guayas,18,Femenino,11,11,25.18,1,7,3,0,0,0.0,5.19,1,0.2838,Bajo
32fc9a43-c34c-4d72-b748-97f0d527aacf,Andrés Díaz,0914168111,Microempresa,Servicios Personales e Independientes,Tungurahua,31,Masculino,29,14,34.26,2,11,1,0,0,0.0,10.54,5,0.479,Medio
7c5659e7-10e9-48ee-9fd5-416e038fb7c1,Carlos López,0930468331,Pequeña Empresa,Comercio Minorista,Guayas,31,Masculino,17,38,14.13,5,26,7,1,0,0.0,1.14,5,0.599,Medio
97ad5f93-11e7-48e4-9e9d-674c20c6078d,María Pérez,0941787119,Microempresa,Servicios Personales e Independientes,Manabí,28,Femenino,32,69,74.27,14,65,0,3,0,0.0,15.59,4,0.4426,Medio
7f270604-7173-4670-9003-d551e03712f0,Lucía Mora,0904345918,Microempresa,Alimentación y Gastronomía,Manabí,30,Femenino,27,55,2.08,5,40,10,0,0,0.0,14.89,3,0.1921,Bajo
1008932f-0110-4128-bf85-4d68cb7f1476,Sofía Vega,0998905560,Microempresa,Alimentación y Gastronomía,Tungurahua,34,Masculino,28,152,2.04,26,122,4,2,1,0.0,15.26,2,0.5175,Medio
3ed9cb61-de27-4a57-bc70-e23a98fa05c3,María Pérez,0950776549,Microempresa,Servicios Personales e Independientes,Imbabura,18,Masculino,11,120,25.5,14,100,5,1,0,0.0,23.3,1,0.1118,Bajo
9ef0a4bd-326c-49e0-997e-82ca00cbe478,Lucía Mora,0941299486,Microempresa,Moda y Estilo de Vida,Pichincha,32,Masculino,12,18,31.44,3,14,1,0,0,0.0,5.3,2,0.0466,Bajo
3165f0f5-cb68-4d18-9bf7-b04c7ca71fb1,Carlos López,0945711792,Microempresa,Entretenimiento y Educación,Tungurahua,30,Masculino,10,23,21.38,4,21,0,3,0,0.0,15.74,1,0.0682,Bajo
2d2ff6e5-3c2a-4dce-9671-d9cf071cc36b,Carmen Ríos,0927285812,Microempresa,Comercio Minorista,Guayas,21,Masculino,9,82,12.54,9,62,11,0,0,0.0,36.6,1,0.0971,Bajo
74905ae3-4a8a-4dec-b7d0-aa535df063e0,Andrés Díaz,0983146697,Microempresa,Servicios Personales e Independientes,Azuay,20,Femenino,27,8,9.5,1,7,0,1,0,0.0,1.55,27,0.7458,Alto
9027f80b-f744-4c61-9118-73c96598820d,Pedro Ruiz,0959087262,Microempresa,Servicios Personales e Independientes,Tungurahua,18,Masculino,33,26,29.26,2,23,1,0,0,0.0,22.64,2,0.0707,Bajo
687f2554-751c-4a52-8e16-d7fc1ff42845,Carlos López,0973922709,Microempresa,Alimentación y Gastronomía,Pichincha,21,Masculino,4,35,2.35,6,22,7,1,0,0.0,12.49,0,0.0389,Bajo
b192a6bc-a556-4d13-a215-7c57081f2759,Carmen Ríos,0943748136,Microempresa,Servicios Personales e Independientes,Cotopaxi,35,Femenino,18,2,29.0,0,1,0,0,0,0.0,3.22,1,0.294,Bajo
04761b8e-52c4-44fd-9ca5-6890324093f0,Lucía Mora,0998198356,Microempresa,Comercio Minorista,Guayas,41,Femenino,32,48,12.31,5,40,3,0,0,0.0,8.62,1,0.0726,Bajo
77e184c4-98b8-4aea-9158-4f630cf1e310,Diego Castro,0923205254,Microempresa,Comercio Minorista,Loja,28,Femenino,33,35,31.4,7,27,1,0,0,0.0,1.24,2,0.1416,Bajo
78d37a66-91ad-4b75-89bf-68bf68ad5038,Pedro Ruiz,0942978465,Microempresa,Alimentación y Gastronomía,Pichincha,34,Masculino,11,69,3.13,8,41,20,2,0,0.0,126.1,2,0.0911,Bajo
5fe64593-8d84-4159-97ca-8843f083e846,Juan Gómez,0993674190,Microempresa,Alimentación y Gastronomía,Guayas,33,Femenino,7,39,3.14,3,25,12,1,0,0.0,6.42,3,0.2514,Bajo
11d5c614-bebb-4b1d-bb4e-e4da473172d9,Juan Gómez,0931605858,Microempresa,Alimentación y Gastronomía,Bolívar,33,Femenino,9,35,10.06,7,24,4,0,0,0.0,20.33,1,0.1472,Bajo
cf73c933-eb22-4575-86de-feac1685f190,Carmen Ríos,0954471513,Microempresa,Alimentación y Gastronomía,Azuay,28,Masculino,3,116,1.5,10,89,17,0,0,0.0,1.63,15,0.6954,Alto
eab96b21-6f16-43de-ae20-bde8ed638f44,Carlos López,0912449959,Microempresa,Comercio Minorista,Tungurahua,28,Masculino,36,54,23.4,4,32,18,1,0,0.0,17.92,0,0.1069,Bajo
27bc2b9c-7228-4888-ba54-9e157e17f2b1,Diego Castro,0973448559,Microempresa,Alimentación y Gastronomía,Santo Domingo,28,Femenino,4,58,11.13,8,38,12,0,0,0.0,8.61,2,0.0885,Bajo
49e3f399-50aa-4f01-999f-cb4b91a324d6,Carlos López,0957359644,Microempresa,Comercio Minorista,Tungurahua,18,Femenino,32,110,20.07,10,92,8,0,0,0.0,20.15,4,0.2377,Bajo
75262698-bd36-487a-bbfa-f642bb1e5f80,Carlos López,0941473607,Microempresa,Comercio Minorista,Cotopaxi,22,Masculino,28,54,10.33,10,33,11,1,0,0.0114,48.89,1,0.2108,Bajo
3ba40edd-10e5-40ba-a4ae-49b4f764e75b,Lucía Mora,0959736442,Microempresa,Alimentación y Gastronomía,Los Ríos,26,Femenino,22,47,1.5,6,39,2,0,0,0.0,9.54,0,0.0819,Bajo
c6e4878a-96ee-4897-befb-69ae1b1351e6,Andrés Díaz,0970933708,Microempresa,Servicios Personales e Independientes,Pichincha,29,Femenino,33,14,23.64,2,11,1,3,1,0.0,343.85,2,0.2051,Bajo
1e3043d6-b2b7-48da-9726-402184aee890,Ana Torres,0965086925,Microempresa,Alimentación y Gastronomía,Pichincha,23,Masculino,36,85,1.5,13,57,15,0,0,0.0,55.0,0,0.0285,Bajo
a2fe05b2-a740-48cc-bea8-59dc05fa4f8e,Andrés Díaz,0914622720,Microempresa,Moda y Estilo de Vida,Pichincha,38,Masculino,19,26,57.99,3,16,7,1,0,0.0,52.83,1,0.0168,Bajo
edff3822-66b6-4191-acbc-f9883453988e,Pedro Ruiz,0980711057,Pequeña Empresa,Servicios Personales e Independientes,Guayas,28,Masculino,2,20,11.86,1,16,3,1,0,0.0,5.18,0,0.424,Medio
61484bb7-dadc-4eff-960c-caf6bf90d08c,Juan Gómez,0988764737,Microempresa,Comercio Minorista,Santo Domingo,31,Masculino,5,112,12.62,7,71,34,0,0,0.0,0.77,0,0.0567,Bajo
74db1e22-577e-4c69-bb17-12325c49d5cd,Sofía Vega,0997160164,Microempresa,Moda y Estilo de Vida,Pichincha,30,Femenino,32,12,21.96,1,10,1,0,0,0.0,30.12,2,0.0733,Bajo
7bd6c159-0509-46d1-947e-e6eb98ccaa0d,Carlos López,0989796270,Microempresa,Comercio Minorista,Chimborazo,28,Masculino,20,88,2.6,15,55,17,0,0,0.0,1.1,0,0.071,Bajo
e8e91e86-ec6a-44b7-afac-67ac3d645ec0,Diego Castro,0964030453,Microempresa,Alimentación y Gastronomía,Guayas,35,Masculino,24,113,3.01,18,73,22,0,0,0.0,9.05,4,0.1891,Bajo
afa00162-5261-48fc-962d-d6ae44d2f3dc,Ana Torres,0926389907,Microempresa,Alimentación y Gastronomía,Pichincha,20,Masculino,2,40,5.83,4,33,3,0,0,0.0,3.38,0,0.094,Bajo
0a2bf690-4a4d-4128-965d-d1db984737a9,Ana Torres,0941833844,Microempresa,Comercio Minorista,Pichincha,23,Masculino,31,101,7.13,13,65,23,0,0,0.0,7.48,10,0.7159,Alto
b36421ca-4c0e-4636-a5c6-22474cca3248,María Pérez,0924252029,Microempresa,Comercio Minorista,Pichincha,31,Femenino,12,27,9.0,5,19,3,1,0,0.0,42.59,3,0.2388,Bajo
d18821e8-49e7-4e31-b04e-2970a82b951d,Sofía Vega,0988564408,Microempresa,Servicios Personales e Independientes,El Oro,32,Masculino,18,51,22.11,9,38,5,0,0,0.0,38.05,0,0.0935,Bajo
80adf710-717d-4b70-b2ae-e0e6522aef4b,Juan Gómez,0919266810,Microempresa,Servicios Personales e Independientes,Azuay,25,Masculino,24,90,2.95,12,79,0,1,1,0.0,13.44,7,0.7779,Alto
34170368-269c-4f6a-8db4-dcce9ddbe2ba,Pedro Ruiz,0939938237,Microempresa,Comercio Minorista,Pichincha,35,Masculino,17,32,7.56,4,27,2,0,0,0.0,6.21,4,0.3708,Medio
99c7a1a1-89de-427a-9c9d-f9a330a35d49,Pedro Ruiz,0940855542,Microempresa,Alimentación y Gastronomía,Cotopaxi,34,Femenino,22,49,3.22,3,38,9,1,0,0.0,0.85,1,0.1082,Bajo
b84663b6-1194-47b8-b81b-60a1a2535182,Lucía Mora,0966353304,Microempresa,Comercio Minorista,Azuay,25,Masculino,21,37,21.99,7,27,3,1,0,0.0,44.41,0,0.0869,Bajo
799ffc7b-f6ce-4e67-b6e1-e5ff75042979,María Pérez,0950858377,Microempresa,Servicios Personales e Independientes,Guayas,26,Masculino,23,76,19.97,11,68,0,1,1,0.0,5.24,6,0.8653,Alto
2a864faa-7880-4e26-82ee-78d429a55800,Andrés Díaz,0954439519,Microempresa,Alimentación y Gastronomía,Guayas,18,Masculino,30,30,5.2,3,24,4,1,0,0.0,10.84,1,0.0715,Bajo
ebafb227-0a35-4612-8594-8c0e9d4e09d3,Ana Torres,0927777278,Microempresa,Comercio Minorista,Guayas,33,Masculino,28,72,23.29,14,60,0,2,0,0.0,8.58,1,0.102,Bajo
625ad023-a46f-44d5-8523-1822357e7699,Andrés Díaz,0928562090,Microempresa,Comercio Minorista,Manabí,27,Masculino,35,35,8.21,2,22,11,0,0,0.0,5.01,2,0.1248,Bajo
94848a34-5011-4f8c-a340-50938bb2274b,Juan Gómez,0939986442,Microempresa,Servicios Personales e Independientes,Pichincha,36,Masculino,19,15,30.25,2,13,1,0,0,0.0,6.93,4,0.3677,Medio
3e087daa-07cc-4007-9da1-37e575a3cca0,Lucía Mora,0991797972,Microempresa,Entretenimiento y Educación,Guayas,19,Masculino,17,3,50.05,0,2,1,1,0,0.0,44.32,6,0.652,Alto
b3200dd8-4682-4b0f-b05f-45d18bd2afed,Andrés Díaz,0950286722,Microempresa,Servicios Personales e Independientes,Pichincha,31,Femenino,10,6,89.28,1,6,0,1,0,0.0,3.49,0,0.1776,Bajo
83e18b8c-cdc0-4765-9dfe-9112a76d5de9,María Pérez,0992544309,Pequeña Empresa,Entretenimiento y Educación,Pichincha,32,Masculino,27,2,50.3,0,2,0,0,0,0.0,11.8,1,0.2201,Bajo
4274b88d-cf32-41f1-b1b0-591b0a331508,María Pérez,0928748548,Microempresa,Alimentación y Gastronomía,Pichincha,32,Femenino,36,51,5.18,6,32,13,0,0,0.0,50.51,2,0.0821,Bajo
3a1f7354-78cc-4c0e-a3b3-c4a1eaa82aac,Juan Gómez,0928600165,Microempresa,Alimentación y Gastronomía,Imbabura,38,Femenino,15,82,8.55,16,51,15,1,0,0.0,0.39,7,0.5111,Medio
9d2a3de0-ae6d-4ae6-988e-5b6caf63c3f7,Juan Gómez,0905342399,Microempresa,Comercio Minorista,Loja,31,Femenino,23,63,7.01,12,47,4,0,0,0.0,11.25,1,0.0945,Bajo
747122c9-efc2-494b-9519-773ac55b017d,Juan Gómez,0972714645,Microempresa,Comercio Minorista,Pichincha,30,Masculino,7,24,7.84,3,15,6,0,0,0.0,13.8,2,0.0798,Bajo
c55c705b-7f1b-4fe3-b1e1-900594758b10,Andrés Díaz,0967131578,Microempresa,Alimentación y Gastronomía,Guayas,19,Femenino,28,73,2.16,12,55,6,0,0,0.0,193.73,3,0.1297,Bajo
96f738d1-780a-449b-8083-c6614436537f,María Pérez,0900914603,Microempresa,Comercio Minorista,Pichincha,35,Masculino,18,53,10.02,6,32,15,1,0,0.0,16.93,11,0.6894,Alto
98bfdae7-0432-4525-9fec-c8afa01158f7,Carlos López,0933017111,Microempresa,Alimentación y Gastronomía,El Oro,18,Masculino,20,90,4.98,14,63,13,0,0,0.0,0.67,4,0.239,Bajo
9f14a688-e6a4-42ef-b2bf-6381f169abfe,Andrés Díaz,0908136551,Microempresa,Entretenimiento y Educación,Pichincha,34,Femenino,22,13,10.96,1,10,2,1,1,0.0,27.7,4,0.8683,Alto
ad9ceb6e-2e36-4eac-aa87-b1ca15e035f2,Diego Castro,0953448935,Microempresa,Moda y Estilo de Vida,Chimborazo,32,Masculino,5,28,33.56,2,22,5,0,0,0.0,48.77,1,0.1185,Bajo
718a2061-7335-41c4-a01c-ea0fad296c30,Juan Gómez,0967003221,Microempresa,Comercio Minorista,Manabí,33,Masculino,22,55,7.69,7,32,16,0,0,0.0,56.57,3,0.188,Bajo
6589cf9f-a03f-48db-9483-130bca318e85,Lucía Mora,0959588683,Microempresa,Alimentación y Gastronomía,Azuay,21,Femenino,20,73,2.87,9,46,18,0,0,0.0072,7.13,3,0.3267,Bajo
63abdfce-4588-4ee8-97e2-b63f2e946a6f,Ana Torres,0974370642,Microempresa,Alimentación y Gastronomía,Azuay,34,Femenino,35,60,3.25,4,37,19,0,0,0.0,6.78,1,0.0987,Bajo
e54ae43d-5c6c-48d5-a739-d1d45f276028,Carmen Ríos,0904707244,Microempresa,Alimentación y Gastronomía,Manabí,28,Masculino,3,15,2.01,2,9,5,1,0,0.0,21.2,9,0.7754,Alto
d207d9e6-ade3-40f0-9155-5f5c378c9b2a,Carmen Ríos,0969180894,Mediana Empresa A,Alimentación y Gastronomía,Azuay,27,Masculino,34,179,3.53,32,147,0,2,0,0.0,63.72,2,0.1253,Bajo
6a973222-4050-4be6-8917-f39961abbb41,Carmen Ríos,0957011977,Microempresa,Servicios Personales e Independientes,Pastaza,23,Femenino,23,60,15.68,7,56,0,1,0,0.0,8.82,0,0.1257,Bajo
84ce1b25-99f0-47f6-82fa-a1861bc5f34a,Juan Gómez,0947361272,Microempresa,Comercio Minorista,Cañar,26,Masculino,10,77,24.97,7,52,18,1,0,0.0,36.66,2,0.1794,Bajo
af5b48f6-658f-48c9-9b6f-32715c79d12b,Lucía Mora,0994109236,Microempresa,Moda y Estilo de Vida,Loja,32,Masculino,19,22,17.76,3,16,3,0,0,0.0,52.38,4,0.2466,Bajo
69ec5274-6e04-4b0f-84c0-2b8f5965b6ca,Carlos López,0987310540,Microempresa,Moda y Estilo de Vida,Guayas,18,Masculino,18,16,20.25,3,12,1,2,0,0.0,13.68,3,0.2797,Bajo
aa786f87-19a8-49d5-a28d-1ab9221d5f61,Lucía Mora,0913246559,Microempresa,Entretenimiento y Educación,Pichincha,26,Masculino,21,12,26.18,1,10,1,2,0,0.0,9.1,3,0.2906,Bajo
a4f248b0-3b6a-4b49-a407-f187d10165be,Diego Castro,0947287164,Microempresa,Comercio Minorista,Pichincha,21,Femenino,9,21,6.25,2,13,6,1,0,0.0,125.18,2,0.0216,Bajo
6a8b589a-72dc-4bc0-a602-989cb0104ca2,Ana Torres,0922906506,Microempresa,Moda y Estilo de Vida,Esmeraldas,34,Masculino,28,29,40.74,5,18,5,0,0,0.0,188.71,0,0.0515,Bajo
537ce3f4-56ff-4033-8f5d-15d891b2c03a,Pedro Ruiz,0985363472,Microempresa,Alimentación y Gastronomía,Pichincha,31,Femenino,3,51,7.76,10,32,9,2,0,0.0,6.67,5,0.5107,Medio
a12e813e-cbab-42e1-a233-015908b88a7a,Juan Gómez,0920022793,Microempresa,Comercio Minorista,Guayas,30,Masculino,23,18,8.61,1,11,6,0,0,0.0,17.66,5,0.6201,Medio
f6e4b799-c538-45f0-8f52-80fc297b9b61,María Pérez,0961230225,Microempresa,Comercio Minorista,Guayas,24,Femenino,3,95,28.11,7,66,22,1,1,0.0,5.13,4,0.7471,Alto
b7749276-31fe-4cff-bbfa-bf4772b04a79,Juan Gómez,0923872583,Microempresa,Servicios Personales e Independientes,Sucumbíos,32,Femenino,19,52,38.89,6,47,0,1,0,0.0,5.26,2,0.0802,Bajo
d8c2026c-f20e-49db-bf3b-115eee81e6f6,Sofía Vega,0971988458,Microempresa,Comercio Minorista,Pichincha,27,Femenino,8,44,9.64,5,29,10,0,0,0.0,52.49,0,0.0358,Bajo
ec53439a-7bba-4720-8f37-4a58070f4386,Andrés Díaz,0933452138,Microempresa,Servicios Personales e Independientes,Pichincha,31,Femenino,2,11,2.07,1,9,1,2,0,0.0,3.46,3,0.5534,Medio
75dbb890-d482-4e05-838e-6c3a36212c5a,Carlos López,0944467265,Microempresa,Alimentación y Gastronomía,Guayas,32,Masculino,1,47,3.84,5,34,8,1,1,0.0,21.19,2,0.8201,Alto
220fe65c-ebaf-4054-93f4-cf6008139976,Ana Torres,0967297306,Microempresa,Alimentación y Gastronomía,Loja,28,Masculino,13,73,2.38,7,50,16,1,0,0.0,9.55,3,0.2666,Bajo
6f6caff1-fa73-4e00-a3aa-c1fda4df9406,Diego Castro,0923426031,Microempresa,Servicios Personales e Independientes,Orellana,18,Masculino,11,10,42.93,1,8,1,0,0,0.0,4.4,1,0.419,Medio
784d129b-6857-4bdc-90e9-63099d39bebc,María Pérez,0944179927,Microempresa,Comercio Minorista,Pichincha,24,Masculino,5,115,22.87,16,91,8,2,0,0.0,127.13,6,0.2971,Bajo
ea100cbf-ee1b-4df1-84dc-104d3af72ea7,Ana Torres,0977218342,Microempresa,Alimentación y Gastronomía,Manabí,26,Masculino,5,34,11.02,6,25,3,0,0,0.0052,31.54,3,0.5705,Medio
d3517f01-4c91-4cfc-8cb2-7db09fce48a4,Carmen Ríos,0986397878,Microempresa,Alimentación y Gastronomía,Pichincha,35,Femenino,14,82,7.27,13,55,14,1,0,0.0,5.06,4,0.3295,Bajo
08975d59-e399-4ed1-bf5e-c51141a60b7d,Sofía Vega,0945546924,Microempresa,Comercio Minorista,Pichincha,32,Masculino,6,9,17.63,2,6,1,2,0,0.0,2.29,1,0.3106,Bajo
37eeb480-8995-4acb-bf99-13766c82eb25,Carmen Ríos,0986245114,Microempresa,Alimentación y Gastronomía,Guayas,26,Femenino,22,71,2.06,8,56,7,1,0,0.0076,60.6,2,0.2483,Bajo
7f40db8c-85cd-4a7f-ab96-ec9b60604620,María Pérez,0967706302,Microempresa,Alimentación y Gastronomía,Pichincha,26,Femenino,26,203,1.5,27,134,43,3,1,0.0,22.17,1,0.4694,Medio
72aef952-4416-415a-bb8f-1c60fbcf1799,Juan Gómez,0930795623,Microempresa,Alimentación y Gastronomía,Bolívar,27,Femenino,36,177,2.76,22,106,48,0,0,0.0038,4.16,12,0.7634,Alto
890edf5b-a737-408b-91a8-5575e5ff316c,Juan Gómez,0930503751,Pequeña Empresa,Servicios Personales e Independientes,Guayas,18,Masculino,23,13,16.33,2,9,2,1,0,0.0,76.72,0,0.0793,Bajo
d12112c0-317c-4b23-b02c-e0a848dd685b,Sofía Vega,0950245575,Pequeña Empresa,Servicios Personales e Independientes,Pichincha,18,Masculino,22,27,17.7,5,24,0,1,0,0.0,19.22,4,0.3544,Medio
5248b88d-9ae3-4856-8b33-0e8a7b05a144,Lucía Mora,0984161859,Microempresa,Alimentación y Gastronomía,Santo Domingo,36,Masculino,11,64,1.5,3,53,7,0,0,0.0,7.73,4,0.1666,Bajo
29cecbc8-5756-4728-bde8-d4f0b5ed252a,Pedro Ruiz,0956727307,Microempresa,Comercio Minorista,Manabí,39,Femenino,24,28,39.68,5,18,5,0,0,0.0,2.03,3,0.2828,Bajo
f161e836-bb1e-4f69-93f1-8ff9f2278bc9,Lucía Mora,0978448747,Microempresa,Alimentación y Gastronomía,Pichincha,31,Femenino,24,135,1.52,15,81,39,0,0,0.0,20.69,0,0.0713,Bajo
f218bdb4-77fa-4f12-b89f-bc55ce5a56e9,Carmen Ríos,0957553263,Microempresa,Comercio Minorista,Cañar,25,Femenino,4,48,33.23,8,32,8,0,0,0.0,98.91,1,0.0778,Bajo
f7cce3a5-8770-442f-a6ec-7553e8394163,Carlos López,0937642399,Microempresa,Alimentación y Gastronomía,Cotopaxi,28,Femenino,36,31,16.81,2,18,11,1,0,0.0,521.14,1,0.0773,Bajo
cb0f3a11-90ff-43bb-8b10-34fa15ed72e3,Carmen Ríos,0946420151,Microempresa,Alimentación y Gastronomía,Pichincha,35,Femenino,20,25,4.5,4,21,1,0,0,0.0,2.05,1,0.0193,Bajo
13239875-1a2b-47d1-8d06-fbabb781f62f,Diego Castro,0941397182,Microempresa,Servicios Personales e Independientes,Cotopaxi,36,Masculino,28,5,47.12,0,4,1,3,0,0.0,4.02,4,0.7426,Alto
e1219d2b-a0dc-4133-b76a-815120b85ac5,Carlos López,0930023611,Microempresa,Servicios Personales e Independientes,Pichincha,28,Femenino,10,64,22.42,7,58,0,2,0,0.0,13.14,2,0.0672,Bajo
94a9a804-67ff-494e-8d62-c1c357b7cbc0,Pedro Ruiz,0961597851,Microempresa,Servicios Personales e Independientes,Cañar,24,Femenino,27,24,17.96,4,20,0,0,0,0.0,10.53,0,0.0779,Bajo
9b6981aa-76db-44e0-958f-65e4071a2649,Juan Gómez,0933650204,Microempresa,Comercio Minorista,Los Ríos,25,Femenino,12,18,2.25,1,13,4,1,0,0.0,7.02,0,0.1031,Bajo
3f1c15cb-40f7-4626-a9e0-a8843fe9a768,Juan Gómez,0934767891,Microempresa,Comercio Minorista,Azuay,20,Femenino,18,223,1.51,14,147,62,2,0,0.0,52.32,2,0.0967,Bajo
304abbb3-f126-4e44-b610-58b9655712e0,Carlos López,0976927735,Microempresa,Moda y Estilo de Vida,Pichincha,28,Femenino,30,17,28.93,2,14,1,2,0,0.0,37.11,2,0.0609,Bajo
00d52881-63b7-47c2-b097-51a32ca07432,Pedro Ruiz,0924944538,Microempresa,Comercio Minorista,Napo,26,Femenino,3,84,19.22,14,51,18,0,0,0.0,0.78,2,0.1653,Bajo
b2bc6261-6db7-4f02-8919-9efb0565d1eb,Andrés Díaz,0996621490,Microempresa,Comercio Minorista,Tungurahua,26,Femenino,5,25,23.9,3,18,5,0,0,0.0,47.27,1,0.0582,Bajo
74f39584-9cb7-44fc-aef0-7255b4936f6d,Pedro Ruiz,0944357398,Microempresa,Alimentación y Gastronomía,Manabí,26,Masculino,13,45,8.89,5,30,10,3,0,0.0,20.83,7,0.6106,Medio
376c9260-c78e-4b95-b767-2e0cba653bc6,Pedro Ruiz,0933521658,Microempresa,Comercio Minorista,Pichincha,21,Masculino,32,11,2.44,2,6,3,1,0,0.0,82.78,0,0.1542,Bajo
8ad90135-af67-4ab4-bd74-b1605b69bf3a,María Pérez,0934023362,Microempresa,Alimentación y Gastronomía,Imbabura,21,Masculino,6,180,3.68,28,148,4,0,0,0.0,52.46,0,0.0441,Bajo
b815a2ea-2385-4f6c-9072-5af293c16858,Sofía Vega,0995324248,Microempresa,Servicios Personales e Independientes,Azuay,27,Femenino,13,54,42.43,10,49,0,1,0,0.0,1.14,5,0.5708,Medio
50bdb223-bfbe-455b-b7ed-d57409b67f64,Diego Castro,0983549355,Microempresa,Alimentación y Gastronomía,Guayas,27,Masculino,31,40,1.95,4,29,7,0,0,0.0,35.39,0,0.1222,Bajo
79692d40-499d-4469-85af-9b863ddb39dc,María Pérez,0976861416,Microempresa,Alimentación y Gastronomía,Tungurahua,27,Masculino,31,79,3.35,5,64,10,1,0,0.0,36.59,2,0.1878,Bajo
a5d0fc96-7ab6-4a1f-b09b-6d6bc8de674a,Carlos López,0963521691,Microempresa,Moda y Estilo de Vida,Esmeraldas,28,Femenino,35,4,3.59,1,2,1,1,1,0.0,58.57,2,0.5512,Medio
43a84e06-f801-4360-9aa8-8f478774f214,Lucía Mora,0953154437,Microempresa,Alimentación y Gastronomía,Azuay,18,Masculino,8,37,2.94,5,22,10,1,0,0.0,26.64,2,0.1888,Bajo
8b3922e4-db74-4a27-b44d-72931d7f9791,Juan Gómez,0925689272,Microempresa,Alimentación y Gastronomía,Pichincha,26,Masculino,17,42,11.38,5,28,9,0,0,0.0,17.42,0,0.0376,Bajo
bfd12162-2415-470a-be4d-086fe32b73ef,Carmen Ríos,0904394923,Microempresa,Comercio Minorista,Pichincha,38,Masculino,36,97,6.21,14,67,16,0,0,0.0031,87.42,1,0.0935,Bajo
d552ce51-74b8-4456-9050-a8d2908681f6,Lucía Mora,0990323418,Microempresa,Alimentación y Gastronomía,Pichincha,30,Femenino,28,56,1.5,7,45,4,1,0,0.0,81.61,5,0.1292,Bajo
d7bae75a-8c84-475e-acf6-de3822597721,Lucía Mora,0986460779,Microempresa,Alimentación y Gastronomía,Los Ríos,27,Femenino,27,52,1.5,8,30,14,1,0,0.0,30.79,1,0.2185,Bajo
eff4544f-a2fc-4014-932d-516a52bacd40,Lucía Mora,0960471432,Microempresa,Comercio Minorista,Guayas,41,Femenino,26,182,14.18,10,116,56,0,0,0.0,23.29,0,0.1298,Bajo
36a2ede9-e44a-41e5-a360-8109f5c0b536,Carlos López,0931597053,Microempresa,Moda y Estilo de Vida,Pichincha,30,Femenino,12,24,8.31,5,14,5,3,0,0.0,6.73,3,0.2612,Bajo
a1e19f1d-59fe-4db6-9dd9-ec82eb5de5b0,Diego Castro,0928422213,Microempresa,Servicios Personales e Independientes,Manabí,38,Femenino,5,18,13.75,2,14,2,2,0,0.0,2.97,6,0.5522,Medio
30cebd4d-ccfb-40f5-aba2-d70515202274,Pedro Ruiz,0914528553,Microempresa,Entretenimiento y Educación,Chimborazo,33,Masculino,19,19,3.61,1,16,2,0,0,0.0,367.5,12,0.202,Bajo
0fb4031c-edc0-43c5-97b5-5078b6e4a4b9,Carmen Ríos,0914420126,Microempresa,Alimentación y Gastronomía,Guayas,25,Femenino,32,107,8.39,21,83,3,1,1,0.0,18.73,1,0.5325,Medio
75e4f82e-7e90-4154-a939-ea0ab3afcc8e,Ana Torres,0934155515,Gran Empresa,Alimentación y Gastronomía,Guayas,28,Masculino,36,38,7.6,4,30,4,1,0,0.0,3.15,0,0.0966,Bajo
3ab69b6f-7768-4ba0-b15b-ca171248c38c,Andrés Díaz,0955032640,Microempresa,Comercio Minorista,Pichincha,19,Masculino,28,110,12.78,11,82,17,0,0,0.0,167.42,2,0.0225,Bajo
60a77125-c49e-4f89-a1c0-f6733a1ac607,Juan Gómez,0913324703,Microempresa,Moda y Estilo de Vida,Tungurahua,19,Femenino,27,9,63.97,1,6,2,0,0,0.0048,2.07,1,0.2929,Bajo
61ff19b9-2787-4a67-a024-98f4ecac220d,Carlos López,0928538538,Microempresa,Servicios Personales e Independientes,Tungurahua,21,Masculino,5,9,21.09,1,8,0,0,0,0.0,16.3,1,0.3169,Bajo
bbf91b40-5087-4639-b97d-82c52766a6a0,Pedro Ruiz,0951288974,Microempresa,Servicios Personales e Independientes,Pichincha,41,Masculino,12,15,60.81,1,11,3,3,1,0.0,4.61,1,0.5075,Medio
0b83025a-2dd0-48dd-861b-b58b817c02ce,Diego Castro,0989372558,Microempresa,Alimentación y Gastronomía,Pichincha,33,Femenino,35,166,1.5,25,129,12,3,1,0.0,1411.66,1,0.1812,Bajo
ed756f55-6c9e-4e01-abfa-ab9247168c39,Diego Castro,0945606856,Microempresa,Alimentación y Gastronomía,Chimborazo,29,Masculino,22,71,1.83,5,53,13,2,0,0.0,4.01,7,0.6921,Alto
acd37d52-733b-49a7-a4c9-891aefb8134b,Andrés Díaz,0978004274,Microempresa,Comercio Minorista,Zamora Chinchipe,27,Masculino,33,104,24.28,8,61,35,1,0,0.0,5.79,2,0.1655,Bajo
9261e595-11f4-4c7b-986c-161b3bea1470,Ana Torres,0941250355,Microempresa,Comercio Minorista,Pichincha,29,Femenino,27,33,14.18,6,24,3,1,0,0.0,59.81,0,0.0245,Bajo
20fd4072-6736-4cee-a018-62bd53aaee10,Juan Gómez,0973858231,Microempresa,Alimentación y Gastronomía,Santo Domingo,33,Femenino,3,100,1.56,6,74,19,1,1,0.0,15.42,0,0.5967,Medio
f533b43e-44a5-4f70-89dc-6e96fec52c80,Andrés Díaz,0949022867,Microempresa,Alimentación y Gastronomía,Pichincha,24,Femenino,8,45,1.5,2,37,5,0,0,0.0,15.13,4,0.2144,Bajo
d8f1501d-86f4-4ded-837b-b512c0009778,Diego Castro,0997299229,Mediana Empresa A,Moda y Estilo de Vida,Santo Domingo,22,Masculino,11,10,54.13,2,7,1,0,0,0.0,6.2,2,0.2615,Bajo
ca87acda-cdcb-4ab3-97e8-6c567b9978b7,Carlos López,0944930348,Microempresa,Comercio Minorista,Imbabura,25,Femenino,6,201,4.64,25,122,53,1,0,0.0,48.13,1,0.0972,Bajo
b1f2f73a-f2e7-486d-8bce-d5cd9a0a8089,Ana Torres,0987844177,Microempresa,Moda y Estilo de Vida,El Oro,31,Femenino,25,37,78.5,7,22,8,0,0,0.0,135.14,3,0.0854,Bajo
abf268d7-3346-4822-be49-988a2d15999e,Ana Torres,0909959307,Microempresa,Alimentación y Gastronomía,Pichincha,27,Femenino,1,25,2.06,2,20,4,2,0,0.0,3.4,4,0.4662,Medio
0fc3b6ae-308d-41f1-bac5-9829c2aea620,Pedro Ruiz,0978336815,Microempresa,Alimentación y Gastronomía,Imbabura,26,Femenino,20,119,1.5,21,81,17,1,0,0.0,14.58,0,0.0599,Bajo
1329c7ce-9f5e-433a-8b0e-62722d519c1f,Juan Gómez,0968622124,Microempresa,Comercio Minorista,Morona Santiago,22,Femenino,32,54,6.29,6,43,4,0,0,0.0,25.26,2,0.1237,Bajo
4fbb5269-2254-48a6-a3df-2d49e7820046,Carmen Ríos,0941496212,Pequeña Empresa,Alimentación y Gastronomía,Guayas,24,Femenino,22,24,6.03,3,16,5,1,0,0.0,0.57,1,0.0915,Bajo
84dd23a7-b3fe-4db7-8ea0-7b5dad4fa274,María Pérez,0961682017,Microempresa,Comercio Minorista,Pichincha,32,Femenino,24,19,8.96,2,12,5,1,0,0.0,59.87,0,0.0221,Bajo
9d57c2a8-100f-45d8-a8dc-7f66dc3fec0c,Diego Castro,0925592296,Microempresa,Comercio Minorista,Pichincha,35,Femenino,31,62,16.59,7,45,10,1,0,0.0,11.93,4,0.4546,Medio
468761e7-69f2-40bd-8e24-f0b3c421bbd4,Carlos López,0959648641,Microempresa,Alimentación y Gastronomía,Guayas,31,Femenino,30,10,3.48,1,7,3,1,0,0.0,142.82,2,0.0382,Bajo
84497403-ac9e-4b64-a7d4-69a5e321c187,Carmen Ríos,0940595483,Microempresa,Moda y Estilo de Vida,Pichincha,33,Masculino,17,72,94.61,11,46,15,1,0,0.0,2.41,3,0.2637,Bajo
a51a24ad-849d-48f6-ab1f-3483bbdce3de,Carlos López,0958345165,Microempresa,Servicios Personales e Independientes,Pichincha,38,Masculino,36,55,25.17,10,51,0,1,0,0.0,8.42,4,0.3484,Bajo
a3b78297-6eb3-4185-a27d-2299ba59006e,Ana Torres,0905586183,Microempresa,Alimentación y Gastronomía,Pichincha,20,Femenino,14,172,2.2,33,111,27,2,0,0.0,3.39,3,0.2169,Bajo
52c13999-8c08-479f-b041-4feb7e95fc87,Juan Gómez,0905945307,Microempresa,Alimentación y Gastronomía,Pichincha,35,Masculino,8,67,1.5,12,42,13,0,0,0.0,43.31,2,0.0548,Bajo
2527d9a0-ca65-41ee-8569-b80010d05ea7,Juan Gómez,0947568649,Microempresa,Servicios Personales e Independientes,Pichincha,18,Masculino,5,80,90.34,12,63,4,1,1,0.0,48.7,0,0.2891,Bajo
a1c89efc-6c3f-48c2-bc14-60bdbcbd93e5,Pedro Ruiz,0981404269,Microempresa,Entretenimiento y Educación,Los Ríos,25,Femenino,20,8,35.1,1,6,0,0,0,0.0,70.64,6,0.4422,Medio
ada8dfc7-9fcc-4a74-a89b-f9b739d0ac8e,Carlos López,0942324663,Microempresa,Alimentación y Gastronomía,Esmeraldas,37,Masculino,17,86,6.28,13,61,12,0,0,0.0,34.44,6,0.2246,Bajo
ac985e35-5cb5-4f93-bf4a-bb267b757aab,Pedro Ruiz,0961758791,Microempresa,Alimentación y Gastronomía,Chimborazo,18,Femenino,20,293,3.92,39,236,18,0,0,0.0,12.21,2,0.0433,Bajo
5e3cfbf0-ecaf-4e75-aebe-1adc0cbd9e17,Juan Gómez,0924345887,Microempresa,Servicios Personales e Independientes,Guayas,27,Masculino,20,9,55.76,1,7,1,0,0,0.0,4.65,5,0.9159,Alto
71bf7ccb-6300-462b-9fe5-29606fb5ebe7,Carmen Ríos,0983072540,Microempresa,Alimentación y Gastronomía,Guayas,29,Masculino,26,33,1.5,3,21,10,0,0,0.0,4.89,2,0.1265,Bajo
b5d8d0a0-4ba9-45d2-ab11-dd0c110c8170,Diego Castro,0993502001,Microempresa,Comercio Minorista,Pichincha,32,Femenino,28,14,5.2,2,10,2,2,0,0.0,1.32,8,0.5851,Medio
bbf029de-ca6a-438b-aea6-3340cfd1e1e9,Juan Gómez,0949655372,Microempresa,Entretenimiento y Educación,Guayas,30,Masculino,16,12,25.19,2,9,1,1,0,0.0,89.94,0,0.0384,Bajo
1d461804-3871-49f2-83b3-c1a6fb28b612,Carlos López,0970852114,Microempresa,Servicios Personales e Independientes,Santo Domingo,25,Masculino,22,54,4.22,3,46,5,1,0,0.0,7.95,8,0.6773,Alto
4a910ce5-10b5-4c77-8baa-c24291ed6915,Carlos López,0946593212,Microempresa,Comercio Minorista,Guayas,35,Femenino,33,90,11.69,6,58,26,0,0,0.0,15.67,3,0.2329,Bajo
d4418b34-537b-4a1e-b791-3692ef2966ff,Andrés Díaz,0915277452,Microempresa,Entretenimiento y Educación,Pichincha,31,Femenino,25,33,10.31,3,28,1,2,0,0.0,18.3,0,0.0474,Bajo
a1c671f2-a336-4c5f-91af-f46a94031053,Diego Castro,0927198357,Microempresa,Alimentación y Gastronomía,Guayas,31,Masculino,23,41,4.24,3,25,13,1,0,0.0,223.6,3,0.0915,Bajo
7db22025-3f65-4639-bf5b-c7dda99feffe,Sofía Vega,0994043980,Microempresa,Alimentación y Gastronomía,Pichincha,20,Femenino,4,187,3.1,36,135,16,0,0,0.0659,50.93,3,0.6414,Medio
04cad618-c1d9-4f99-b9ae-88448ff92a9f,María Pérez,0936620153,Microempresa,Servicios Personales e Independientes,Tungurahua,26,Femenino,31,9,16.24,2,8,0,0,0,0.0,240.99,1,0.0669,Bajo
3ccd7fbb-2d3a-4fc2-9a60-62a0fd3fef61,Juan Gómez,0992943423,Microempresa,Entretenimiento y Educación,Pichincha,31,Masculino,35,12,5.48,2,9,2,1,1,0.0,1.11,0,0.6925,Alto
109cbce7-3388-43b8-8200-de1ca69a5dc9,Carmen Ríos,0969410977,Microempresa,Comercio Minorista,Napo,18,Femenino,17,59,3.12,9,43,7,2,0,0.0,2.51,3,0.3286,Bajo
09dd5dd1-6209-4452-8eeb-f907d55633c1,Ana Torres,0924338111,Microempresa,Servicios Personales e Independientes,Guayas,28,Masculino,15,9,56.51,0,8,1,0,0,0.0,7.47,3,0.6783,Alto
f22fc99b-935c-44c5-a9ee-d35d00f7a425,Lucía Mora,0957411686,Microempresa,Comercio Minorista,Bolívar,18,Femenino,16,106,7.5,15,69,22,0,0,0.0,31.67,2,0.0939,Bajo
de2b2803-cbf1-4f9c-b354-1d10ab65119e,Diego Castro,0960241905,Microempresa,Comercio Minorista,Pichincha,34,Masculino,11,54,5.2,5,41,8,2,1,0.0,9.29,1,0.7582,Alto
2e44c432-02f3-456c-9d55-783fc979890b,Juan Gómez,0952222419,Microempresa,Servicios Personales e Independientes,Guayas,28,Femenino,11,41,9.44,7,36,0,0,0,0.0,15.74,5,0.3776,Medio
08d2f8ab-2f99-4d28-a603-575490c4701b,Sofía Vega,0958190815,Microempresa,Servicios Personales e Independientes,Pichincha,34,Masculino,15,13,19.85,1,12,0,0,0,0.0,25.98,0,0.0919,Bajo
64b6c935-a084-4743-843a-2b6fe76e2a36,Carmen Ríos,0935351026,Microempresa,Alimentación y Gastronomía,Pichincha,40,Masculino,36,222,1.5,17,146,59,0,0,0.0,1948.36,1,0.0263,Bajo
0af77a53-8fd6-4bd4-ba82-11187cf62ff5,María Pérez,0927191783,Microempresa,Alimentación y Gastronomía,Pichincha,18,Masculino,1,231,2.01,17,153,61,0,0,0.0,44.88,1,0.0618,Bajo
5361bea2-194f-4073-907c-643f6891d20f,Lucía Mora,0984634536,Microempresa,Comercio Minorista,Pichincha,28,Femenino,18,77,5.92,12,56,10,0,0,0.0,2.46,2,0.0744,Bajo
e6fdc6f0-b7e7-4b9e-8edc-374b282c2174,Andrés Díaz,0932002904,Microempresa,Comercio Minorista,Sucumbíos,28,Femenino,6,52,4.25,6,43,2,0,0,0.0,106.9,2,0.0379,Bajo
18c8274e-6c72-423a-80a0-57e268e77833,Juan Gómez,0981904084,Microempresa,Comercio Minorista,Pichincha,24,Masculino,7,14,6.48,2,10,2,2,1,0.0,19.52,4,0.8472,Alto
7d8f87d6-1c2d-4b27-889c-9fbf0113534e,Ana Torres,0928819893,Gran Empresa,Alimentación y Gastronomía,Pichincha,32,Femenino,11,91,3.35,12,73,6,0,0,0.0,0.52,5,0.2076,Bajo
bcfed920-38e7-4950-82cc-cfeec4887e20,Carmen Ríos,0950426998,Pequeña Empresa,Entretenimiento y Educación,Pichincha,24,Masculino,20,9,22.17,1,8,0,3,0,0.0,22.12,2,0.2725,Bajo
924f4126-d542-43e8-b0b3-ea41a095d5a2,Sofía Vega,0990895974,Microempresa,Servicios Personales e Independientes,Pichincha,23,Femenino,17,10,35.48,1,8,0,0,0,0.0,25.88,3,0.5369,Medio
a9f896af-7133-45d5-a798-ced0f511c554,Ana Torres,0987526517,Microempresa,Entretenimiento y Educación,El Oro,26,Masculino,7,7,2.76,1,5,0,0,0,0.0,2.27,0,0.2226,Bajo
c5250cb6-b5ac-47bb-aa72-e0b88ef1f2e1,María Pérez,0945383583,Microempresa,Comercio Minorista,Tungurahua,19,Femenino,14,33,6.1,3,21,9,0,0,0.0,7.42,0,0.0397,Bajo
33ae62fa-9860-4cac-b172-89a393bd46f9,Diego Castro,0923045307,Microempresa,Comercio Minorista,Imbabura,30,Femenino,22,72,9.1,4,46,21,1,0,0.0,314.83,0,0.0787,Bajo
cdb1b21b-59e3-4694-9cfd-ff7d90842d93,Carmen Ríos,0981383875,Microempresa,Comercio Minorista,Los Ríos,34,Masculino,5,93,11.51,12,57,24,0,0,0.0,113.98,2,0.0717,Bajo
5d696376-3de6-47f7-977b-6f01f8ef98d0,Ana Torres,0932984769,Microempresa,Comercio Minorista,Guayas,34,Femenino,4,25,10.15,2,20,4,0,0,0.0,7.2,1,0.0791,Bajo
2e6200a7-4b98-434c-824d-1ad8f01c8bd2,Juan Gómez,0938445522,Microempresa,Comercio Minorista,Pichincha,28,Masculino,32,69,7.39,13,55,1,0,0,0.0,32.51,2,0.0756,Bajo
06f37f46-2860-4432-be40-bf6984bc5fea,Juan Gómez,0994822772,Microempresa,Entretenimiento y Educación,Pichincha,27,Femenino,6,3,32.05,0,2,1,3,1,0.0,19.34,1,0.6373,Medio
aecc6b22-1114-4070-a19c-89117f18f996,Sofía Vega,0921363565,Microempresa,Comercio Minorista,Bolívar,18,Femenino,10,46,10.06,5,39,2,0,0,0.0,6.85,4,0.3271,Bajo
825a06ac-96d3-447a-a6be-02293cd1484e,Ana Torres,0972151033,Pequeña Empresa,Moda y Estilo de Vida,Cañar,32,Femenino,25,4,13.95,1,3,0,2,0,0.0,2.07,0,0.2851,Bajo
7987c289-0a74-463d-9430-66580686d238,Juan Gómez,0936140424,Microempresa,Alimentación y Gastronomía,Guayas,24,Femenino,8,39,1.5,2,31,6,2,0,0.0,6.69,3,0.3016,Bajo
700c0c7e-e96a-4a56-bb84-f3028eb94e2d,Pedro Ruiz,0936253195,Pequeña Empresa,Entretenimiento y Educación,Pichincha,36,Femenino,30,8,58.39,1,6,0,0,0,0.0,38.7,5,0.4858,Medio
804677d7-cb2a-4a38-a45f-b4dc2eaf3766,Juan Gómez,0941881515,Microempresa,Comercio Minorista,Santo Domingo,37,Femenino,5,340,3.71,61,217,62,0,0,0.0,15.1,11,0.4119,Medio
9a7f3589-f2a5-4125-98d5-f4f093cbca29,Andrés Díaz,0988624135,Microempresa,Servicios Personales e Independientes,El Oro,21,Femenino,34,8,25.64,1,7,0,0,0,0.0,8.32,0,0.3325,Bajo
320ca854-972c-4e6e-aa0c-96fee5467319,Andrés Díaz,0991983975,Microempresa,Alimentación y Gastronomía,El Oro,32,Femenino,3,29,5.38,4,23,2,0,0,0.0,5.66,2,0.2502,Bajo
8798f4c5-f20d-4661-804f-3fdc960e7f7c,Andrés Díaz,0966753960,Microempresa,Alimentación y Gastronomía,Guayas,24,Masculino,7,66,1.96,7,47,12,0,0,0.0,19.58,5,0.27,Bajo
19641cb7-c044-42e9-823f-4964b8c6bd1a,María Pérez,0937175253,Microempresa,Servicios Personales e Independientes,Guayas,18,Femenino,28,36,44.13,3,32,0,0,0,0.0,14.32,1,0.0924,Bajo
17a75805-45b5-4e00-8486-56936a2bf546,Ana Torres,0987356158,Microempresa,Alimentación y Gastronomía,Los Ríos,33,Femenino,24,203,2.87,38,138,27,0,0,0.0,233.44,3,0.1479,Bajo
0eedea6b-08ea-4778-bb3c-ffe9558a9790,Ana Torres,0958340636,Microempresa,Alimentación y Gastronomía,Pichincha,18,Masculino,4,148,2.15,14,112,22,0,0,0.0,914.22,9,0.3764,Medio
ead4dfb9-e9b4-4da2-9b04-60f49c11780b,Andrés Díaz,0955625754,Microempresa,Alimentación y Gastronomía,Pichincha,26,Masculino,7,43,12.87,7,27,9,2,1,0.0,49.78,1,0.7277,Alto
a9a22ebe-fa42-493b-9fb2-f978141a1a64,Ana Torres,0922758725,Microempresa,Comercio Minorista,Guayas,36,Femenino,18,44,12.37,4,37,3,1,0,0.0,196.03,1,0.0128,Bajo
14ad85ce-2070-427e-8d5e-b3d4f945b4bb,Diego Castro,0901359489,Microempresa,Alimentación y Gastronomía,El Oro,32,Femenino,10,134,1.5,15,84,35,1,0,0.0,60.14,2,0.0716,Bajo
de6645c6-7c56-4b8c-beb0-50b6a9ca5b1a,Diego Castro,0999346817,Microempresa,Comercio Minorista,Manabí,29,Femenino,25,60,3.49,5,35,20,0,0,0.0,1.55,0,0.0949,Bajo
dcd29cb0-87e8-4051-b377-22668b404694,Andrés Díaz,0949718145,Microempresa,Servicios Personales e Independientes,Azuay,29,Masculino,24,5,29.13,0,4,1,0,0,0.0,10.89,2,0.4243,Medio
074b2db0-f10c-477a-9d4b-7342203cd0f4,Andrés Díaz,0968165154,Microempresa,Moda y Estilo de Vida,Guayas,31,Femenino,19,41,40.5,4,34,3,0,0,0.0,11.08,0,0.0937,Bajo
4eab85d2-bdf6-490e-abcd-7bba8f4bc881,María Pérez,0925758539,Microempresa,Alimentación y Gastronomía,Pichincha,30,Femenino,12,127,2.91,7,97,23,1,0,0.0,10.48,0,0.0688,Bajo
fc494e87-0b7a-440b-ae5b-d05698d68750,Ana Torres,0908024531,Microempresa,Comercio Minorista,Pichincha,34,Masculino,9,96,2.79,14,61,21,1,0,0.0,17.86,0,0.0552,Bajo
d017e4a6-ba20-43d9-9e70-e91eff7c313e,Pedro Ruiz,0977229937,Microempresa,Moda y Estilo de Vida,Pichincha,33,Masculino,12,10,6.04,2,8,1,0,0,0.0,24.89,1,0.1302,Bajo
d19d71f2-ecab-4641-b3b4-8a8faee5d077,Lucía Mora,0943850254,Microempresa,Servicios Personales e Independientes,Guayas,35,Femenino,6,50,21.12,10,43,0,0,0,0.0,31.96,5,0.3471,Bajo
f4bab38f-6913-4f96-b94f-9a50ab6fac6d,Carmen Ríos,0905585145,Microempresa,Moda y Estilo de Vida,Esmeraldas,34,Femenino,11,13,21.4,1,10,2,1,0,0.0,4.2,6,0.6451,Medio
d86b61a4-3af3-463a-afc5-e9fe03cd5db3,Lucía Mora,0929250580,Microempresa,Comercio Minorista,Pichincha,26,Masculino,21,18,24.71,1,13,4,1,0,0.0,1.81,1,0.0881,Bajo
52a44d2e-7fc2-4640-835b-0085b785ab82,Sofía Vega,0914142857,Microempresa,Servicios Personales e Independientes,Pichincha,31,Masculino,7,34,23.12,3,29,2,0,0,0.0,2.67,4,0.4133,Medio
ab103ce8-6353-4364-b1cc-e6c929231077,Ana Torres,0977554374,Microempresa,Alimentación y Gastronomía,Imbabura,32,Masculino,9,50,7.5,7,37,6,0,0,0.0,0.5,4,0.2295,Bajo
19bc07c3-6a26-4b50-9aa2-952275492f03,María Pérez,0988616945,Microempresa,Alimentación y Gastronomía,Imbabura,28,Masculino,21,208,3.92,24,135,49,2,0,0.0,246.19,1,0.0682,Bajo
a5e388e7-f692-4f92-ac66-a6731c95900c,Carlos López,0900196024,Microempresa,Moda y Estilo de Vida,Orellana,38,Femenino,25,17,30.05,3,11,3,0,0,0.0,97.51,2,0.057,Bajo
0bbc4e4f-11de-47d9-a7d7-eb8bdcbe74fb,Carlos López,0941312765,Microempresa,Comercio Minorista,Manabí,18,Masculino,4,30,22.55,5,25,0,4,0,0.0,1.52,9,0.5557,Medio
d2656982-c83b-4c55-a6a2-72e60135b9f8,Diego Castro,0954644651,Microempresa,Servicios Personales e Independientes,Carchi,31,Femenino,2,7,43.92,1,6,0,0,0,0.0,19.81,3,0.6269,Medio
37ffc416-1867-48c3-9bf1-c3949cfb9a41,Carlos López,0974368813,Microempresa,Alimentación y Gastronomía,Los Ríos,30,Masculino,2,92,6.24,9,72,10,1,0,0.0,1.01,5,0.4931,Medio
9fc884ee-e1d7-496b-8c37-b7633337db8b,Lucía Mora,0944419140,Microempresa,Alimentación y Gastronomía,Pichincha,32,Femenino,3,52,1.5,7,38,7,0,0,0.0,11.98,1,0.0704,Bajo
d454fe6a-b7ee-4740-b356-65eb3a3ca779,Ana Torres,0902857644,Microempresa,Servicios Personales e Independientes,Guayas,21,Femenino,1,8,31.59,1,6,1,0,0,0.0,1.78,1,0.4805,Medio
22a299c0-066b-4a7f-bbef-8d8a006e0337,Carlos López,0935380672,Microempresa,Alimentación y Gastronomía,Imbabura,27,Masculino,19,106,5.7,8,76,22,1,0,0.0,5.28,0,0.1177,Bajo
c59f0225-803b-4cf3-a6ec-e4eb71262651,Pedro Ruiz,0969663325,Microempresa,Comercio Minorista,Esmeraldas,18,Femenino,13,53,12.23,8,39,6,1,1,0.0116,7.7,5,0.7047,Alto
df9cb568-36e3-4c76-a1cf-f30bcc6d8557,Juan Gómez,0925918534,Microempresa,Comercio Minorista,Manabí,23,Masculino,15,19,20.35,2,14,3,1,1,0.0,1.32,2,0.7903,Alto
0691d401-e2ca-4796-8c4c-b079bfe545e2,Pedro Ruiz,0928064044,Microempresa,Servicios Personales e Independientes,Loja,26,Masculino,24,8,28.4,1,6,0,1,0,0.0,25.14,5,0.7911,Alto
109834ad-ed25-45f4-b7a5-44143670a4b5,Pedro Ruiz,0960275805,Microempresa,Comercio Minorista,Esmeraldas,38,Femenino,25,44,9.05,5,28,10,0,0,0.0,2.4,5,0.3888,Medio
73f7394d-124c-45c6-b7b3-c0aca1bbefe3,Carlos López,0965799021,Microempresa,Moda y Estilo de Vida,El Oro,28,Masculino,22,16,41.59,2,12,2,1,0,0.0,20.32,5,0.6317,Medio
db559caa-e4c9-4d9f-979a-21b0df40123c,Carmen Ríos,0947950897,Microempresa,Moda y Estilo de Vida,Guayas,20,Masculino,18,19,25.4,2,13,5,0,0,0.0,9.17,1,0.1285,Bajo
38fab1fc-78ed-4a94-9ba6-cd78c34438de,Andrés Díaz,0905831392,Microempresa,Comercio Minorista,Tungurahua,32,Femenino,19,35,17.25,6,21,7,0,0,0.0,11.46,1,0.0483,Bajo
0aa7afc9-c508-47cb-863b-9297a162e9d6,Pedro Ruiz,0932683915,Microempresa,Alimentación y Gastronomía,Pichincha,21,Masculino,32,78,4.46,8,55,15,0,0,0.0,2.97,0,0.042,Bajo
9eb7e969-f5eb-4446-83ef-a77808abba4d,Ana Torres,0977226622,Microempresa,Alimentación y Gastronomía,Pichincha,34,Femenino,5,173,9.37,34,103,36,0,0,0.0,29.73,4,0.1066,Bajo
79ffa347-86a0-4cf7-bc87-bf72004ad0ee,Lucía Mora,0949335576,Microempresa,Comercio Minorista,Cotopaxi,20,Femenino,27,233,1.51,29,185,19,0,0,0.0,35.39,5,0.2105,Bajo
488e56f7-d9eb-4e13-a8ac-99daf035e9dc,María Pérez,0911039246,Microempresa,Servicios Personales e Independientes,Pichincha,29,Femenino,27,72,40.72,7,64,2,0,0,0.0,18.04,3,0.2334,Bajo
06a96934-0c18-4241-a4d3-5b26a6528319,Juan Gómez,0931582530,Microempresa,Entretenimiento y Educación,Tungurahua,37,Masculino,10,9,39.34,1,7,1,0,0,0.0,1.23,5,0.6228,Medio
4ef304aa-5e53-41cb-8b4a-5217f370f707,Lucía Mora,0976410518,Microempresa,Moda y Estilo de Vida,Imbabura,35,Femenino,26,25,24.73,2,21,2,1,0,0.0,30.28,1,0.0724,Bajo
40d8f365-cf60-49dc-ba9c-55a761c85559,Diego Castro,0933906312,Microempresa,Alimentación y Gastronomía,Guayas,34,Femenino,5,48,1.5,3,32,13,2,0,0.0,54.8,1,0.0789,Bajo
8826ef50-8113-473a-bb18-0ad5295924c2,Juan Gómez,0902948757,Microempresa,Servicios Personales e Independientes,Guayas,33,Femenino,23,43,28.99,5,39,0,2,0,0.0,3.7,0,0.0827,Bajo
87fc21f6-fdb9-485c-a299-e46699b055ba,Pedro Ruiz,0994487743,Microempresa,Comercio Minorista,Pichincha,30,Femenino,34,24,37.69,4,15,5,0,0,0.0,4.27,3,0.3046,Bajo
1ca6888d-ed7f-4c69-adba-4f742daed03f,Andrés Díaz,0978443471,Microempresa,Servicios Personales e Independientes,Pichincha,34,Femenino,28,18,20.03,3,17,0,0,0,0.0,66.57,0,0.047,Bajo
ee255085-6d7d-4995-ab8d-f83661ddc0cb,Pedro Ruiz,0958454351,Microempresa,Servicios Personales e Independientes,Pichincha,37,Masculino,3,105,13.57,10,99,0,0,0,0.0,29.19,0,0.0521,Bajo
41cf91fc-4935-4fca-a62a-be0c038567e1,Ana Torres,0902221482,Microempresa,Alimentación y Gastronomía,Guayas,24,Masculino,14,86,8.94,10,63,13,0,0,0.0,5.64,2,0.0803,Bajo
dffe5479-66f5-4963-bd60-2ba9625fac3a,Sofía Vega,0933975226,Microempresa,Comercio Minorista,Manabí,26,Femenino,11,52,29.54,7,39,6,0,0,0.0,297.13,1,0.0265,Bajo
7e8f3900-aef9-4a9a-9480-03a3c0bf90c2,Carlos López,0906409650,Microempresa,Servicios Personales e Independientes,Guayas,27,Masculino,10,3,40.09,0,3,0,0,0,0.0,103.82,1,0.1069,Bajo
ef703b4a-d192-4164-8e46-3e3e3a230924,Carlos López,0955916091,Microempresa,Alimentación y Gastronomía,Pichincha,26,Masculino,19,70,5.25,5,44,21,0,0,0.0,33.42,0,0.0728,Bajo
f0c575e8-72f4-456d-9430-98e4310a25d5,Lucía Mora,0985206634,Microempresa,Servicios Personales e Independientes,Pichincha,30,Femenino,17,5,26.41,0,5,0,0,0,0.0,3.19,2,0.2566,Bajo
36a640d8-c653-4641-8a37-8df9be68ec9a,Ana Torres,0963637288,Microempresa,Alimentación y Gastronomía,Guayas,35,Masculino,1,199,4.82,20,150,29,0,0,0.0233,25.75,9,0.6779,Alto
4c9a2b32-0d85-4cf3-86c4-af063c2bb386,Juan Gómez,0911009078,Microempresa,Comercio Minorista,Azuay,40,Masculino,29,16,21.02,3,10,4,1,0,0.0,15.12,2,0.1066,Bajo
a55898c3-e08f-4a64-920f-5e4ec69b89dc,Carmen Ríos,0985146947,Microempresa,Alimentación y Gastronomía,Guayas,25,Femenino,34,22,8.64,4,18,1,0,0,0.0,3.76,5,0.3644,Medio
ac2951cf-3d44-49c5-a9f9-9e036626ab75,María Pérez,0953201516,Microempresa,Alimentación y Gastronomía,Esmeraldas,30,Masculino,16,84,4.64,5,51,28,0,0,0.0,3.33,14,0.6938,Alto
1cd98311-f566-47e7-9e25-24f2ed900b03,Diego Castro,0942739115,Microempresa,Moda y Estilo de Vida,Manabí,30,Masculino,6,19,101.36,1,16,2,0,0,0.0,5.65,4,0.5123,Medio
2efa3a83-8e5f-4fea-9d47-a17ff8b71d36,Carlos López,0955612624,Microempresa,Alimentación y Gastronomía,Pichincha,26,Masculino,13,79,4.92,12,58,8,1,0,0.0011,67.53,4,0.2847,Bajo
79425ba3-88fc-4d7b-83be-91c3e349b5ca,Lucía Mora,0959779262,Microempresa,Servicios Personales e Independientes,Guayas,29,Masculino,31,15,10.98,2,12,1,0,0,0.0,28.16,0,0.1693,Bajo
33065e54-1008-4938-bb9f-2f63f46d30ca,Lucía Mora,0958718892,Microempresa,Alimentación y Gastronomía,Manabí,30,Masculino,22,32,5.79,6,20,6,0,0,0.0,115.18,8,0.305,Bajo
68f399f7-73cf-4303-8545-80a20727431c,Diego Castro,0938736286,Microempresa,Alimentación y Gastronomía,Pichincha,29,Masculino,4,249,1.5,32,154,64,0,0,0.0,27.76,1,0.1123,Bajo
12d286ea-d4c6-4269-a557-b76e9d6263f6,Ana Torres,0908463157,Microempresa,Servicios Personales e Independientes,Tungurahua,38,Masculino,36,28,56.44,2,22,4,1,0,0.0,0.38,2,0.0874,Bajo
d122940e-45f2-4ade-a7f6-703a7c005235,Andrés Díaz,0939949934,Microempresa,Servicios Personales e Independientes,Pichincha,24,Femenino,32,13,49.25,2,12,0,1,1,0.0,15.55,0,0.4375,Medio
4703c747-e3ff-4c94-8631-21ef278d24a9,Juan Gómez,0922789364,Microempresa,Alimentación y Gastronomía,Guayas,31,Masculino,11,31,6.07,4,21,6,2,0,0.0,1.6,0,0.1034,Bajo
7046ee45-3e22-4c4f-998b-0bc7603904ab,María Pérez,0934380410,Microempresa,Alimentación y Gastronomía,Pichincha,38,Masculino,8,22,2.98,2,15,5,0,0,0.0,3.3,1,0.0489,Bajo
a3ccabc9-6a91-488d-85ee-d0435cc9832e,Carlos López,0978427204,Microempresa,Alimentación y Gastronomía,Pichincha,39,Femenino,17,136,5.4,8,106,22,2,1,0.0,1.18,1,0.5984,Medio
4cd81803-d088-4daf-b4cf-9433c84e27fe,Carlos López,0981468190,Microempresa,Moda y Estilo de Vida,Pichincha,30,Masculino,10,31,15.97,4,24,3,1,0,0.0,19.74,6,0.5619,Medio
799be8ad-3802-40dc-8a0a-338f0dd63387,Juan Gómez,0930969369,Microempresa,Alimentación y Gastronomía,Cañar,24,Masculino,14,144,1.68,8,88,48,0,0,0.0329,13.28,4,0.4823,Medio
0a7af3a5-6ec8-4ef0-8079-77584683dfe9,Ana Torres,0999614321,Pequeña Empresa,Servicios Personales e Independientes,Tungurahua,19,Masculino,14,31,30.63,3,23,4,1,1,0.0,50.98,1,0.5207,Medio
77b1e0fd-a953-4d27-926d-1b75ef811098,Ana Torres,0905598250,Microempresa,Alimentación y Gastronomía,Pichincha,21,Femenino,13,32,2.41,6,25,1,0,0,0.0026,8.92,2,0.1663,Bajo
0678bc19-5622-4118-be84-5b8afe9a657b,Lucía Mora,0975890198,Microempresa,Servicios Personales e Independientes,Loja,34,Femenino,7,34,60.68,6,28,1,0,0,0.0,85.12,5,0.2295,Bajo
5e2ebb9a-480b-4879-b086-6eca3b1cf8fe,Carmen Ríos,0905589737,Microempresa,Entretenimiento y Educación,Guayas,24,Femenino,25,11,5.66,2,9,1,0,0,0.0,7.67,0,0.1322,Bajo
d5d2d22e-ccd8-43f9-a3c9-4f2aa83b9bdf,Pedro Ruiz,0909021349,Microempresa,Comercio Minorista,Pichincha,22,Masculino,30,23,10.98,2,18,4,1,0,0.0342,7.91,7,0.8033,Alto
8f24c388-f4b8-49e2-89d6-f13bbf8df427,María Pérez,0949950531,Microempresa,Servicios Personales e Independientes,El Oro,31,Femenino,36,13,17.46,1,11,1,1,1,0.0,18.93,5,0.8744,Alto
aecec91c-c9b9-4c3e-88cf-a9900315a644,Carlos López,0919899743,Microempresa,Comercio Minorista,Guayas,26,Femenino,14,175,8.99,16,139,20,0,0,0.0,5.4,1,0.0529,Bajo
d1baad11-a9f3-460d-9ce1-175bb5391030,Diego Castro,0959472972,Microempresa,Alimentación y Gastronomía,Loja,30,Femenino,36,53,2.31,5,32,16,2,0,0.0,9.69,2,0.1428,Bajo
e3951abc-a8d3-40cd-ae34-3a2c1256bee5,María Pérez,0992500612,Microempresa,Comercio Minorista,Pichincha,20,Masculino,25,52,51.51,8,31,13,3,0,0.0,4.61,3,0.2683,Bajo
3cad2c02-7467-4a61-90e8-b86c4a3d89f2,Diego Castro,0926460096,Microempresa,Alimentación y Gastronomía,Guayas,30,Masculino,3,161,5.34,32,115,14,1,1,0.0,3.56,0,0.4987,Medio
3277c5fe-6621-432c-a790-73221a9c8532,María Pérez,0922217064,Microempresa,Alimentación y Gastronomía,Manabí,27,Femenino,31,65,1.5,11,45,10,0,0,0.0,14.41,3,0.1897,Bajo
b2b4621a-341f-4c81-9b6f-dcfde97ddb34,Lucía Mora,0984503363,Microempresa,Alimentación y Gastronomía,Napo,33,Masculino,11,23,6.15,3,13,7,1,0,0.0,14.44,0,0.1139,Bajo
8f999b5d-cdb2-40b5-a3a5-efcd56c867fa,Sofía Vega,0953155310,Microempresa,Alimentación y Gastronomía,Pichincha,33,Masculino,8,180,5.37,20,116,44,1,0,0.0,4.88,6,0.1514,Bajo
6eddcadb-ab66-465b-9ea0-91259f7fb565,Diego Castro,0956045732,Microempresa,Entretenimiento y Educación,Tungurahua,30,Femenino,33,10,6.32,1,9,0,0,0,0.0,2.88,2,0.0695,Bajo
59057eed-7abd-4278-b601-9b0db7be0f1a,Andrés Díaz,0971077440,Mediana Empresa A,Alimentación y Gastronomía,Guayas,31,Masculino,5,75,2.18,8,47,21,0,0,0.0,21.72,4,0.2877,Bajo
20b335cd-f717-449d-980c-b7e18474a96e,Diego Castro,0943943221,Microempresa,Moda y Estilo de Vida,Guayas,19,Femenino,3,55,17.77,3,40,12,2,1,0.0,1.78,0,0.6889,Alto
2fe06d54-8cae-4e86-a5f2-b253f0532dc6,Andrés Díaz,0946713259,Microempresa,Servicios Personales e Independientes,Azuay,22,Masculino,3,82,10.28,6,73,4,1,0,0.0022,0.63,3,0.4948,Medio
e6ceac17-e703-46f1-bceb-6dfd8e2537e7,Pedro Ruiz,0984932405,Microempresa,Servicios Personales e Independientes,Guayas,24,Masculino,26,10,64.59,1,8,1,0,0,0.0,16.21,0,0.262,Bajo
842a0d86-a541-4275-801b-025bdc3a4856,Lucía Mora,0975369025,Microempresa,Moda y Estilo de Vida,Manabí,19,Masculino,17,20,19.2,3,15,2,1,1,0.0,3.21,3,0.8306,Alto
4230a360-34f3-4a1b-9231-23c1027febee,Lucía Mora,0948530286,Microempresa,Servicios Personales e Independientes,Esmeraldas,33,Femenino,1,11,5.89,2,8,1,0,0,0.0,13.05,3,0.5361,Medio
37fa9689-94c4-4924-9ab0-446fbe73ff67,María Pérez,0939859976,Microempresa,Comercio Minorista,Pichincha,34,Femenino,11,50,14.36,8,40,2,1,1,0.0,99.48,0,0.2257,Bajo
08ed1378-d681-4c06-aaed-682bd9e76d8f,Pedro Ruiz,0955605755,Microempresa,Moda y Estilo de Vida,Guayas,34,Femenino,31,3,33.09,0,2,0,0,0,0.0,143.89,2,0.1226,Bajo
6141aee9-b0a4-4a31-852f-260c1a81c2a2,Andrés Díaz,0952898633,Microempresa,Moda y Estilo de Vida,Pichincha,34,Femenino,28,18,13.48,3,14,1,0,0,0.0,15.33,8,0.5049,Medio
7e835ca2-f3d1-4355-8d27-4a521dfea925,Ana Torres,0936004689,Microempresa,Comercio Minorista,Bolívar,30,Masculino,4,38,6.18,3,30,5,1,0,0.0,6.58,2,0.1968,Bajo
d76ecc5f-6ed2-4b4d-8b1d-d63ae2bcab53,María Pérez,0983945352,Microempresa,Servicios Personales e Independientes,Pichincha,30,Masculino,4,16,126.22,1,14,1,0,0,0.0,7.48,2,0.2094,Bajo
b6cda013-5f6f-4120-9053-6521bc8e19ad,Carlos López,0906324798,Microempresa,Comercio Minorista,Pichincha,30,Masculino,5,20,25.41,4,16,0,1,0,0.0,73.95,1,0.045,Bajo
ae248bcb-85f0-40bf-bc74-b8ae81d43891,Ana Torres,0973260942,Microempresa,Moda y Estilo de Vida,Cotopaxi,25,Femenino,28,6,75.48,1,5,1,0,0,0.0,6.4,0,0.2885,Bajo
2b71f62e-9295-4528-a421-c449a588f173,Pedro Ruiz,0966718000,Microempresa,Alimentación y Gastronomía,Pichincha,27,Masculino,27,133,2.99,11,107,15,0,0,0.0,5.69,4,0.1177,Bajo
052b200c-ee65-4a54-95f3-30b35f9bdb70,Lucía Mora,0986916324,Microempresa,Alimentación y Gastronomía,Loja,19,Femenino,31,117,10.65,14,93,9,2,0,0.0,70.12,6,0.1673,Bajo
0428820a-c9c9-4e8c-ae9d-5a5dc167a3a8,Carmen Ríos,0977500051,Microempresa,Entretenimiento y Educación,El Oro,25,Femenino,9,10,29.81,1,9,1,1,0,0.0243,111.59,1,0.1756,Bajo
2248e2d7-25a7-44a1-b387-8bec2b08785c,María Pérez,0907567375,Microempresa,Servicios Personales e Independientes,Pichincha,24,Masculino,10,15,22.17,1,13,1,0,0,0.0,4.61,3,0.3593,Medio
745cfe71-f35b-40ac-8919-899c285c59e0,Pedro Ruiz,0998157372,Pequeña Empresa,Alimentación y Gastronomía,Imbabura,31,Masculino,28,41,1.5,6,32,4,0,0,0.0,92.2,9,0.2556,Bajo
d61cc5fe-1b7d-4bda-afba-a44d7cd8c025,Pedro Ruiz,0943260486,Microempresa,Comercio Minorista,Manabí,21,Femenino,19,45,50.24,5,31,9,1,0,0.0,44.64,2,0.0886,Bajo
6861781a-5d3f-40e8-8137-141525a1962d,Carmen Ríos,0951090522,Microempresa,Alimentación y Gastronomía,El Oro,32,Masculino,21,131,1.5,16,105,10,2,0,0.0,6.23,0,0.0656,Bajo
4860b4d0-0b64-42e5-a102-d8501edcd5da,Carmen Ríos,0900272386,Microempresa,Comercio Minorista,Guayas,32,Femenino,6,69,5.11,10,56,4,0,0,0.0,20.85,2,0.1228,Bajo
be328e3b-7b9c-4d99-b92a-1b711ff096d5,Ana Torres,0966541797,Microempresa,Servicios Personales e Independientes,Chimborazo,29,Masculino,33,13,24.67,3,10,0,0,0,0.0,56.76,5,0.3119,Bajo
b5693210-afba-4eab-a2e2-f410bd2fc5b5,Ana Torres,0977846306,Microempresa,Alimentación y Gastronomía,Azuay,28,Femenino,19,40,2.45,6,27,7,1,1,0.0,7.5,2,0.6859,Alto
42af6c2d-67e7-4ad2-a71a-c49a79bf42fe,Sofía Vega,0981537351,Microempresa,Entretenimiento y Educación,Pichincha,31,Masculino,36,23,18.01,4,19,0,0,0,0.0,2.17,1,0.0488,Bajo
f6bc828e-0f3f-4431-85af-8e012f198e75,Sofía Vega,0919912612,Microempresa,Alimentación y Gastronomía,Loja,34,Femenino,36,174,1.5,10,111,53,0,0,0.0,21.2,2,0.1523,Bajo
9facbdc4-c2f9-4cee-9c07-030615283a07,Andrés Díaz,0904189491,Microempresa,Comercio Minorista,Pichincha,21,Masculino,30,48,7.86,7,38,3,0,0,0.0,9.95,4,0.2855,Bajo
11e38c92-9481-4c4e-8a3e-f0e994d0660f,Carlos López,0942274599,Microempresa,Alimentación y Gastronomía,Pichincha,22,Femenino,29,141,3.46,11,104,27,1,0,0.0,3.65,0,0.0871,Bajo
2b0dd417-22d5-4dd2-a956-bc6218cf3dcc,Carmen Ríos,0967571418,Microempresa,Entretenimiento y Educación,Guayas,34,Femenino,25,22,10.35,1,16,4,2,0,0.0,72.78,3,0.0763,Bajo
935629a6-5a1a-44bb-a238-5d960e9e7d01,Pedro Ruiz,0968074014,Pequeña Empresa,Servicios Personales e Independientes,Guayas,19,Masculino,34,16,51.05,2,12,2,0,0,0.0,0.9,2,0.1979,Bajo
aa79458b-3ed4-4f26-accd-8e2e43d1f615,María Pérez,0947547796,Microempresa,Entretenimiento y Educación,Manabí,20,Masculino,10,14,25.69,2,12,0,2,0,0.0,5.37,6,0.6695,Alto
24ca2670-367b-406a-b50f-5133d3bed668,Diego Castro,0973907510,Microempresa,Comercio Minorista,Chimborazo,33,Masculino,10,43,18.52,7,33,3,3,0,0.0,30.26,6,0.5455,Medio
640ea578-4afb-4bbc-9d7e-ad46cd227f37,María Pérez,0948231358,Microempresa,Comercio Minorista,Guayas,24,Masculino,26,44,3.48,7,28,9,0,0,0.0,0.7,5,0.3882,Medio
e824e5bf-4c42-46a4-840b-5919efb1e02b,Carlos López,0936797596,Microempresa,Comercio Minorista,Guayas,25,Masculino,9,105,23.44,20,79,6,1,0,0.0,3.07,7,0.6512,Alto
cb21df6e-78fe-456c-817c-8c4c1e5409b4,Pedro Ruiz,0938273444,Microempresa,Alimentación y Gastronomía,Tungurahua,25,Masculino,31,19,3.78,3,14,2,0,0,0.0,6.14,0,0.0549,Bajo
084ac8d0-416e-4f8a-9185-ab24e9357fc9,Sofía Vega,0908949163,Microempresa,Alimentación y Gastronomía,El Oro,32,Masculino,12,61,5.38,4,52,6,0,0,0.0,57.75,4,0.1784,Bajo
edfc92a7-dc38-4afd-a36d-b482b430a4f7,Sofía Vega,0926086238,Microempresa,Comercio Minorista,Guayas,30,Femenino,19,62,23.93,10,41,12,0,0,0.0,78.42,0,0.0745,Bajo
c5f15522-a4c0-4a92-a027-c20b1f119cc9,Diego Castro,0968829719,Microempresa,Comercio Minorista,Pichincha,31,Masculino,35,168,1.73,20,127,21,0,0,0.0,13.36,1,0.0461,Bajo
65975471-4acb-4e20-927a-d45eed5d9eec,Lucía Mora,0979415219,Microempresa,Entretenimiento y Educación,Chimborazo,28,Femenino,11,25,41.38,4,19,2,2,0,0.0,5.38,3,0.4131,Medio
6eba2fed-2523-4f9c-818d-e906d4be42a9,Andrés Díaz,0946854149,Microempresa,Comercio Minorista,Pichincha,31,Masculino,8,24,7.3,3,20,1,0,0,0.0,11.04,0,0.0421,Bajo
f35d98d8-7da9-44d3-9749-42a21d28ab64,Ana Torres,0913744978,Microempresa,Entretenimiento y Educación,Pichincha,18,Femenino,33,6,31.22,1,5,0,0,0,0.0,3.82,2,0.2409,Bajo
d25ed8ca-b7a5-4755-af83-16556051a185,Carmen Ríos,0954551097,Microempresa,Alimentación y Gastronomía,Imbabura,28,Femenino,20,99,4.31,17,82,0,0,0,0.0,2.04,4,0.2314,Bajo
21e7c325-e624-4002-a9d7-d53319235de1,Andrés Díaz,0936873715,Microempresa,Moda y Estilo de Vida,Tungurahua,25,Femenino,11,16,44.45,3,10,4,1,0,0.0,55.8,6,0.2902,Bajo
6278f992-3710-4046-b43b-e781dfff4465,María Pérez,0930342392,Pequeña Empresa,Entretenimiento y Educación,Imbabura,18,Masculino,34,11,18.76,1,9,1,0,0,0.0,14.05,5,0.6127,Medio
edbd43aa-6138-4fd6-95e1-c83635e89de6,Pedro Ruiz,0928337931,Microempresa,Servicios Personales e Independientes,Guayas,34,Femenino,32,13,26.78,2,10,1,1,0,0.0,21.1,0,0.056,Bajo
4205cc35-5905-45f3-a225-a6d2f07641c3,Diego Castro,0997118731,Microempresa,Comercio Minorista,Guayas,31,Femenino,17,60,8.69,4,51,6,0,0,0.0,34.51,0,0.1091,Bajo
6df81529-7762-45a9-9638-8a03e850853b,Ana Torres,0917463903,Microempresa,Servicios Personales e Independientes,Cotopaxi,35,Femenino,17,37,17.43,6,29,2,0,0,0.0,12.53,1,0.0519,Bajo
bc56b3d9-758c-4bdb-8d4b-27919983da24,María Pérez,0988364929,Pequeña Empresa,Alimentación y Gastronomía,Pichincha,29,Masculino,3,38,1.5,4,25,9,1,0,0.0,4.62,0,0.1516,Bajo
42cb0c78-16c5-4283-a2cf-d49c04c20901,Carmen Ríos,0903189548,Microempresa,Servicios Personales e Independientes,Los Ríos,31,Masculino,17,7,20.51,1,6,1,0,0,0.0,28.16,1,0.2123,Bajo
9c3f71d3-351b-487d-9e76-c1df33b5c59d,Pedro Ruiz,0993172855,Microempresa,Alimentación y Gastronomía,Imbabura,29,Masculino,8,189,7.17,12,144,33,0,0,0.0,23.82,1,0.1805,Bajo
54e24b7f-3558-4a36-b33e-ef5184ac9d6f,Sofía Vega,0951228104,Microempresa,Moda y Estilo de Vida,Guayas,33,Femenino,27,4,38.68,1,3,0,0,0,0.0,3.92,1,0.2518,Bajo
8a6ca0ca-79d4-419a-948d-944903819cf8,Sofía Vega,0972801895,Microempresa,Moda y Estilo de Vida,Pichincha,33,Masculino,12,21,30.67,3,16,2,1,0,0.0,49.97,0,0.0211,Bajo
ec81c2f7-f219-4dd0-88a9-09b21d2f60e7,Lucía Mora,0957978250,Microempresa,Comercio Minorista,Guayas,31,Femenino,7,54,10.65,11,34,9,0,0,0.0,12.18,3,0.2372,Bajo
a60d3139-44c3-49ca-8e42-cfcff593c18e,Carmen Ríos,0953980173,Microempresa,Alimentación y Gastronomía,Pichincha,18,Masculino,23,101,2.23,18,66,17,2,0,0.0,113.84,2,0.0234,Bajo
113c478c-1ac4-47f8-a162-89dcabd9edb6,María Pérez,0913319254,Microempresa,Alimentación y Gastronomía,Chimborazo,27,Femenino,32,179,5.39,34,138,7,0,0,0.0,9.09,3,0.1936,Bajo
fe158b90-5c68-4064-8a2e-e60828db8b9e,Carlos López,0974345881,Microempresa,Comercio Minorista,Pastaza,25,Masculino,21,55,5.14,10,37,8,2,0,0.0,11.15,5,0.6308,Medio
4e48029e-c1c2-425a-9473-3b076fd6ad20,Carlos López,0930909173,Microempresa,Comercio Minorista,Pichincha,18,Femenino,17,103,20.5,7,73,22,0,0,0.0,1.06,3,0.1576,Bajo
c08444a6-c29b-4421-8c36-f722d9bf3004,Carmen Ríos,0986969657,Microempresa,Servicios Personales e Independientes,Tungurahua,27,Femenino,28,10,7.53,1,9,0,0,0,0.0,4.58,1,0.0765,Bajo
37316cbe-e765-4a70-aa93-936fe24ee89c,María Pérez,0976649698,Microempresa,Alimentación y Gastronomía,Azuay,37,Masculino,18,61,3.3,5,50,6,1,1,0.0,0.92,7,0.731,Alto
c3773cdf-bd9f-43a1-a670-34e0beaac9da,Juan Gómez,0982654886,Microempresa,Comercio Minorista,Azuay,33,Femenino,19,96,29.03,8,78,10,1,1,0.0,56.21,4,0.7464,Alto
2a78487b-71f7-43fa-967b-c37ba77c64f1,Diego Castro,0963439109,Microempresa,Moda y Estilo de Vida,Azuay,32,Femenino,23,10,10.85,1,8,1,1,0,0.0,9.77,8,0.8382,Alto
c6701cc3-f85c-488f-824e-995f5b60a3de,Ana Torres,0966903218,Microempresa,Moda y Estilo de Vida,Guayas,30,Femenino,15,13,24.18,2,8,3,1,0,0.0,9.48,6,0.6338,Medio
ba52c693-38da-43ba-9f01-2445b0692f51,Diego Castro,0916774954,Microempresa,Alimentación y Gastronomía,Guayas,32,Masculino,2,97,3.99,10,78,8,0,0,0.0,44.64,2,0.0898,Bajo
9ac40b9e-3aae-4b2c-af56-4186da30d728,Carmen Ríos,0916852182,Pequeña Empresa,Servicios Personales e Independientes,Guayas,35,Masculino,34,3,25.7,0,2,0,1,0,0.0,10.93,3,0.5721,Medio
311f72bf-fea7-4f0c-b89b-a8eeda037680,Carmen Ríos,0907538573,Microempresa,Alimentación y Gastronomía,Guayas,35,Masculino,6,46,11.71,3,32,11,2,0,0.0,26.76,5,0.4621,Medio
b3a6369c-d428-4d1b-bd18-f4e6265088f7,Carlos López,0961367665,Microempresa,Comercio Minorista,Pichincha,25,Masculino,13,40,5.24,4,24,12,0,0,0.0,38.46,2,0.0593,Bajo
ca32f45d-1263-478a-b472-a17c35fbfae7,Carlos López,0937008891,Microempresa,Alimentación y Gastronomía,Imbabura,32,Femenino,18,141,1.5,26,90,24,0,0,0.0,6.2,3,0.1578,Bajo
49d9c536-d402-4361-a58e-95e27d1f4610,María Pérez,0968489142,Microempresa,Servicios Personales e Independientes,Pichincha,27,Femenino,1,11,27.74,2,9,0,0,0,0.0,11.38,0,0.2378,Bajo
71c51eea-f70e-4684-af2d-969d7df8022c,Lucía Mora,0956096013,Pequeña Empresa,Moda y Estilo de Vida,Pichincha,28,Femenino,17,51,5.89,4,39,8,2,0,0.0,2000.0,5,0.1728,Bajo
3c5632b9-7998-426c-966a-efd526e824c7,Ana Torres,0942905719,Microempresa,Alimentación y Gastronomía,Pichincha,30,Femenino,29,16,6.17,3,13,0,2,0,0.0,4.45,2,0.0433,Bajo
891f7b00-be5e-4214-a63f-6a937250800a,Ana Torres,0984568896,Microempresa,Alimentación y Gastronomía,Manabí,20,Femenino,26,21,6.1,2,17,2,0,0,0.0,4.89,0,0.0753,Bajo
c1522b40-cdc7-4202-ad83-7d6c90255785,María Pérez,0986696076,Microempresa,Comercio Minorista,Cotopaxi,30,Masculino,5,59,41.3,9,43,7,0,0,0.0,8.76,1,0.1093,Bajo
851d9e4f-6aa7-4bae-af1c-56d6eefa73ef,Carlos López,0929122937,Microempresa,Alimentación y Gastronomía,Pichincha,36,Masculino,9,41,12.71,4,28,9,1,0,0.0,16.49,2,0.0704,Bajo
b167bf9f-05ae-4454-8653-c41bccbc1336,Diego Castro,0994736046,Microempresa,Alimentación y Gastronomía,Los Ríos,30,Femenino,9,23,6.69,3,19,1,0,0,0.0,52.03,7,0.4988,Medio
0cf7f6e6-b74b-4377-943a-c3f08a85897a,Pedro Ruiz,0914177465,Microempresa,Comercio Minorista,Guayas,33,Masculino,30,96,2.25,17,67,12,2,0,0.0,21.18,1,0.088,Bajo
6042644e-563b-4f6a-88c6-770d8f5fb37b,Juan Gómez,0932766952,Microempresa,Alimentación y Gastronomía,Pichincha,18,Femenino,6,64,2.95,9,44,12,0,0,0.0,25.65,0,0.0774,Bajo
b3c8a6d3-a730-4a48-8cc0-d8b1ffc50237,Juan Gómez,0952540545,Microempresa,Servicios Personales e Independientes,Chimborazo,36,Femenino,23,16,12.4,1,12,2,0,0,0.0,5.87,3,0.306,Bajo
ff2c0347-5ad4-40c7-848e-e27a10caf9da,Pedro Ruiz,0946532961,Microempresa,Moda y Estilo de Vida,Cañar,19,Femenino,18,10,7.23,1,7,1,1,0,0.0,38.63,1,0.2917,Bajo
59bfe692-b2f0-426b-afd1-bc98233eb23e,Juan Gómez,0975915032,Mediana Empresa A,Alimentación y Gastronomía,Manabí,36,Masculino,29,104,6.41,7,74,23,3,1,0.0,31.87,1,0.5086,Medio
a7d9f8c3-2e07-4d45-96d4-3b980f731142,Diego Castro,0973700864,Microempresa,Entretenimiento y Educación,Manabí,29,Femenino,30,9,14.4,1,8,0,1,0,0.0,3.33,1,0.2473,Bajo
d90846e7-6836-45ee-b62f-bd1a7ae267a7,María Pérez,0956941752,Microempresa,Servicios Personales e Independientes,Santo Domingo,32,Masculino,17,31,42.95,3,26,2,1,1,0.0,28.91,4,0.8399,Alto
53b3bbfc-5d8d-4718-9870-90c315c5f133,Pedro Ruiz,0905884762,Microempresa,Alimentación y Gastronomía,Imbabura,23,Masculino,29,141,4.23,17,102,21,1,0,0.0,36.95,6,0.3218,Bajo
d257ff14-1b3d-41a8-8149-89bf6f208fff,Juan Gómez,0952216393,Microempresa,Alimentación y Gastronomía,Guayas,23,Masculino,31,114,6.06,14,91,9,0,0,0.0,0.54,0,0.0599,Bajo
f5f74d56-401c-4357-97a5-baced07f0af6,Diego Castro,0958918162,Microempresa,Comercio Minorista,Pichincha,28,Femenino,15,46,19.14,9,38,0,0,0,0.0,49.69,3,0.1944,Bajo
8010658b-aa56-44ee-93b3-4687417143df,Diego Castro,0987078285,Microempresa,Moda y Estilo de Vida,Pichincha,33,Femenino,15,11,25.61,2,7,2,0,0,0.0,2.55,1,0.1615,Bajo
cf8f3020-5364-4977-8468-cd411f2b7ded,María Pérez,0985837421,Microempresa,Comercio Minorista,Pichincha,33,Femenino,25,8,11.94,1,5,2,0,0,0.0,2.87,3,0.5957,Medio
47b97ece-b62b-4df7-a57e-3132819fb4ef,María Pérez,0940905955,Microempresa,Alimentación y Gastronomía,Azuay,24,Masculino,11,123,3.23,10,83,30,0,0,0.0,0.98,1,0.0679,Bajo
4e7feb9d-6fb4-4fc9-bb2a-96d377247ffb,Pedro Ruiz,0958448350,Microempresa,Comercio Minorista,Pichincha,18,Masculino,34,47,17.0,9,38,0,2,0,0.0,2.43,2,0.0511,Bajo
30706ec2-c3b7-4cce-bc75-d37166848235,Andrés Díaz,0931428197,Microempresa,Comercio Minorista,El Oro,33,Masculino,20,83,3.14,15,56,12,0,0,0.0,20.1,3,0.2645,Bajo
f68c2873-1f5e-43ec-aecc-36e1682bfdf0,Pedro Ruiz,0941557755,Microempresa,Alimentación y Gastronomía,Manabí,25,Masculino,12,224,1.5,31,152,41,1,0,0.0,7.72,1,0.0287,Bajo
73a11b40-2e91-4b26-b594-c5c034a10747,Pedro Ruiz,0983779070,Microempresa,Alimentación y Gastronomía,Manabí,21,Masculino,30,85,3.22,11,52,22,2,0,0.0,2.42,7,0.6592,Alto
42f06e85-56e9-4187-b054-67351dab0ed2,Juan Gómez,0948418184,Microempresa,Alimentación y Gastronomía,Pichincha,38,Femenino,14,40,4.81,4,28,8,0,0,0.0,14.28,2,0.0645,Bajo
b2c6be15-0777-4a33-8bba-75b4dcb05c60,Pedro Ruiz,0992418267,Microempresa,Moda y Estilo de Vida,Bolívar,36,Femenino,35,24,17.54,4,17,3,0,0,0.0,2.02,14,0.5957,Medio
754f58ec-87c5-40d3-8911-e314a38c4078,María Pérez,0973985702,Microempresa,Entretenimiento y Educación,Tungurahua,36,Femenino,4,10,6.06,1,9,0,0,0,0.0,3.87,3,0.4707,Medio
4ea89d21-8a69-4665-9cda-902b6c07e9fd,Carlos López,0948504811,Microempresa,Alimentación y Gastronomía,Pichincha,21,Femenino,27,153,1.5,24,115,14,0,0,0.0,45.55,4,0.1677,Bajo
b850a37a-946a-4867-9453-1389d7d90932,Carmen Ríos,0977355537,Microempresa,Comercio Minorista,Manabí,26,Femenino,5,29,17.22,3,23,3,1,0,0.0,0.62,7,0.693,Alto
6dd30311-a91d-4f56-ac69-98cf70de2d41,María Pérez,0916269498,Microempresa,Moda y Estilo de Vida,Azuay,41,Femenino,16,40,89.62,8,26,6,0,0,0.0,620.94,2,0.0701,Bajo
511d5a72-8792-4ed6-9633-72208ffd70d5,Pedro Ruiz,0998042863,Microempresa,Comercio Minorista,Tungurahua,32,Masculino,3,46,17.51,5,35,6,2,0,0.0,15.9,1,0.1596,Bajo
8b0e981f-1e0e-461a-87e9-d8fb12c7fbb0,Sofía Vega,0982109101,Microempresa,Alimentación y Gastronomía,Galápagos,30,Masculino,5,87,5.81,17,65,5,0,0,0.0,52.75,6,0.1864,Bajo
22aa34fe-7941-470d-9630-1809a3be6904,Diego Castro,0980319539,Microempresa,Servicios Personales e Independientes,Azuay,34,Masculino,17,10,19.64,1,8,0,0,0,0.0,8.92,0,0.1736,Bajo
6ef6513a-2120-4a8e-a0a3-b0169362874d,Juan Gómez,0961937346,Microempresa,Comercio Minorista,El Oro,35,Femenino,24,42,16.55,8,34,0,1,0,0.0,4.34,4,0.4028,Medio
2f299168-a100-4914-9f98-cad6f59c839a,Pedro Ruiz,0926423478,Microempresa,Alimentación y Gastronomía,Manabí,31,Masculino,11,115,4.06,23,84,8,0,0,0.0,33.68,5,0.2406,Bajo
ec600842-d6d7-4f7c-a7f6-27739caef38f,Carmen Ríos,0976981510,Microempresa,Comercio Minorista,Guayas,27,Masculino,36,176,1.72,27,144,5,0,0,0.0,67.16,1,0.0285,Bajo
c5fbb107-3fe2-4908-bc05-733350dd8e84,Sofía Vega,0979244657,Microempresa,Servicios Personales e Independientes,Pichincha,30,Masculino,14,47,37.6,9,41,0,0,0,0.0,2.75,3,0.2134,Bajo
c60a5631-9e09-469f-8b79-e585e9680120,Ana Torres,0983193079,Microempresa,Moda y Estilo de Vida,El Oro,20,Femenino,21,11,87.89,1,6,3,0,0,0.0,70.11,4,0.3598,Medio
c9d03c23-cc4a-4ad9-b86a-885eafe2362a,Andrés Díaz,0969478332,Microempresa,Alimentación y Gastronomía,Loja,18,Femenino,26,257,2.92,20,194,43,2,0,0.0,37.37,2,0.1231,Bajo
98c3fc0d-1123-45f4-aa12-0f19393921a2,Pedro Ruiz,0954906257,Microempresa,Servicios Personales e Independientes,Manabí,25,Masculino,14,10,14.34,1,9,0,0,0,0.0,82.12,1,0.1061,Bajo
a7ddba37-5957-4de6-8cc1-f4e2ba661155,Sofía Vega,0916148690,Gran Empresa,Alimentación y Gastronomía,Guayas,18,Masculino,16,91,2.39,10,60,21,0,0,0.0,4.06,4,0.2286,Bajo
05619f35-4103-45b6-a141-f6f4a97ad9f1,Pedro Ruiz,0930707416,Microempresa,Comercio Minorista,Santo Domingo,29,Masculino,14,37,13.72,7,25,6,1,0,0.0,5.48,2,0.0854,Bajo
845c59fa-b868-4891-a975-64ccedc4af47,Andrés Díaz,0967194500,Microempresa,Comercio Minorista,Pichincha,24,Masculino,22,35,36.34,3,23,9,1,0,0.0,4.43,6,0.6,Medio
7e350bb4-86c0-4462-8f5b-f93aed95baeb,Pedro Ruiz,0987031095,Microempresa,Servicios Personales e Independientes,Pichincha,32,Masculino,28,22,7.72,2,17,3,0,0,0.0,33.66,3,0.2898,Bajo
957fd92c-bc99-473d-8575-665240b83538,Juan Gómez,0917981578,Pequeña Empresa,Alimentación y Gastronomía,Pichincha,27,Masculino,24,109,3.28,6,71,32,3,1,0.0049,22.28,2,0.5976,Medio
31d3ba7d-f2ee-470b-9c10-6133b48b0d0e,Sofía Vega,0984541955,Microempresa,Comercio Minorista,Azuay,26,Masculino,4,6,11.21,1,5,0,1,0,0.0,17.83,3,0.4425,Medio
be0e4e77-e700-4c23-8cd2-ba270c60ea01,Pedro Ruiz,0926872816,Microempresa,Alimentación y Gastronomía,Pichincha,19,Femenino,10,225,5.18,29,159,37,1,0,0.0,195.96,0,0.0966,Bajo
7add59e2-7b46-481c-bba0-3c3766f1d6c8,Juan Gómez,0975942046,Microempresa,Alimentación y Gastronomía,Pichincha,36,Masculino,20,81,1.5,5,51,25,1,0,0.0,2.66,3,0.176,Bajo
86552452-736a-4e7f-b066-dc9b64c6daff,Ana Torres,0952176389,Microempresa,Alimentación y Gastronomía,Guayas,33,Masculino,23,127,4.51,20,76,31,0,0,0.0,152.02,0,0.0603,Bajo
0e7fb845-eb74-42b5-acaf-7ed4bda8dcf6,Lucía Mora,0930343840,Microempresa,Comercio Minorista,Pichincha,29,Masculino,23,41,4.29,3,29,10,1,0,0.0,15.68,1,0.1069,Bajo
f9a5f7c3-75c6-48b7-89ec-ed87065119de,Andrés Díaz,0942748716,Microempresa,Comercio Minorista,Loja,23,Femenino,6,16,21.76,3,9,4,1,0,0.0,173.34,5,0.226,Bajo
7d395cb3-6fe5-4a6b-8530-bbed77ecdea3,Juan Gómez,0951489157,Microempresa,Alimentación y Gastronomía,Pichincha,33,Femenino,6,119,1.5,12,81,26,1,0,0.0,4.48,1,0.0442,Bajo
c9286e23-e68c-4c65-9608-a653ea23af0b,Andrés Díaz,0968283000,Microempresa,Servicios Personales e Independientes,Los Ríos,28,Masculino,20,48,12.84,9,41,0,1,0,0.0,25.24,7,0.6674,Alto
7d7a7962-2439-41d3-8b2e-7ec8a78c6440,Ana Torres,0932351298,Microempresa,Servicios Personales e Independientes,Pichincha,24,Femenino,2,30,28.0,5,24,1,1,0,0.0,7.51,3,0.4973,Medio
63fe5e4b-10f4-48fb-b0ab-f8eecb48e356,Carmen Ríos,0983468326,Microempresa,Alimentación y Gastronomía,Bolívar,27,Femenino,7,134,1.82,24,94,15,1,1,0.0,16.95,5,0.763,Alto
39f534e7-3d1b-46c7-8e48-afa87bebb73a,Lucía Mora,0966355672,Microempresa,Servicios Personales e Independientes,Pichincha,34,Femenino,24,15,11.9,3,13,0,1,0,0.0,23.49,0,0.0505,Bajo
32c42642-d01e-46e9-b047-67c28327caf2,Carmen Ríos,0955868691,Microempresa,Alimentación y Gastronomía,Imbabura,25,Femenino,10,42,2.28,4,35,3,1,0,0.0,8.91,5,0.4986,Medio
a3ee814a-bfba-4f8c-992b-6d7fa841c42e,Andrés Díaz,0966579707,Microempresa,Servicios Personales e Independientes,Loja,24,Femenino,11,39,12.84,3,30,7,0,0,0.0,3.52,0,0.1034,Bajo
610a2f66-75e1-48c2-9b55-6e8e5df592df,María Pérez,0965958839,Microempresa,Servicios Personales e Independientes,Pichincha,24,Masculino,31,24,9.0,1,17,5,0,0,0.0,19.46,2,0.1204,Bajo
84f3b21f-f9ca-408c-af59-8862a610bc69,Ana Torres,0968650168,Microempresa,Entretenimiento y Educación,Guayas,24,Femenino,13,9,27.33,1,7,1,0,0,0.0,3.17,2,0.2659,Bajo
0f72a7b8-bfe3-41a6-982d-5e7be1916624,Andrés Díaz,0942936421,Microempresa,Alimentación y Gastronomía,Pichincha,18,Masculino,11,229,2.73,29,189,11,0,0,0.0,4.89,1,0.0245,Bajo
9b98e138-1993-4183-a4e1-842b0a4e91e9,Diego Castro,0957545325,Pequeña Empresa,Comercio Minorista,Pichincha,23,Femenino,16,61,10.56,12,49,0,1,0,0.0,19.12,4,0.4568,Medio
c6960f97-a1f3-4ee0-8252-2bce48e4544d,Juan Gómez,0911179448,Microempresa,Comercio Minorista,Cotopaxi,26,Femenino,10,18,2.48,2,12,4,2,0,0.0,23.99,0,0.1131,Bajo
01ed6ef8-a2bc-441e-a7b4-9ae615e637af,Carmen Ríos,0901031982,Microempresa,Alimentación y Gastronomía,Azuay,27,Femenino,11,186,1.5,23,150,13,0,0,0.0,2.66,1,0.1162,Bajo
6ea945a4-bb4f-432c-9966-ecd178a9eb63,Carlos López,0958857557,Microempresa,Alimentación y Gastronomía,Sucumbíos,29,Femenino,36,63,6.04,8,39,16,0,0,0.0,96.9,8,0.3885,Medio
8bc86d73-31c8-4186-990d-e1decc441186,Lucía Mora,0999071631,Microempresa,Alimentación y Gastronomía,Tungurahua,31,Masculino,18,178,2.83,11,115,51,0,0,0.0,7.75,2,0.0729,Bajo
35b4051b-1729-4511-9c47-27ecd15fdbee,Diego Castro,0961753831,Microempresa,Moda y Estilo de Vida,Azuay,33,Masculino,30,15,14.36,3,12,0,0,0,0.0,24.13,8,0.5217,Medio
04a854fd-038b-4cba-b1bc-c44cc35ebf8e,Carmen Ríos,0968666898,Microempresa,Servicios Personales e Independientes,Pichincha,28,Femenino,25,34,9.65,5,30,0,3,1,0.0,51.27,0,0.3497,Bajo
048bccab-6ee2-4b4c-bec2-ad05cc6879dc,María Pérez,0991329012,Microempresa,Alimentación y Gastronomía,Guayas,34,Femenino,27,109,3.98,17,65,27,0,0,0.0,13.17,1,0.1201,Bajo
a4c499dc-962a-45a0-a329-10fc5954f540,Carlos López,0901514366,Microempresa,Alimentación y Gastronomía,Pichincha,31,Masculino,12,45,6.53,8,33,4,0,0,0.0,1.32,1,0.0471,Bajo
4ac60ad3-cabf-4ab7-b591-d1796999e57c,Diego Castro,0952639777,Microempresa,Servicios Personales e Independientes,El Oro,37,Masculino,8,76,32.43,8,66,2,2,0,0.0,123.79,1,0.0582,Bajo
29c3afa4-254b-46ee-95d9-0201448b23d6,María Pérez,0913757842,Microempresa,Alimentación y Gastronomía,Guayas,30,Masculino,36,73,1.5,6,43,24,0,0,0.0,24.1,1,0.1773,Bajo
efc085d5-955b-46f8-962c-3af3d8078154,Diego Castro,0914898934,Microempresa,Comercio Minorista,Azuay,33,Masculino,32,31,1.5,3,26,2,0,0,0.0,6.22,2,0.1761,Bajo
14a29cd9-4333-4d89-9700-74fa98808411,Sofía Vega,0915643371,Microempresa,Alimentación y Gastronomía,Manabí,37,Masculino,14,134,5.12,17,82,35,1,0,0.0,62.58,3,0.1001,Bajo
deaf888f-1fee-4351-b52f-8999f9d1bba9,María Pérez,0954800816,Microempresa,Comercio Minorista,Guayas,19,Masculino,11,59,5.84,5,38,16,1,0,0.0,10.96,1,0.1022,Bajo
782b1351-78e2-4ec3-947f-f8aa8f3d7f46,María Pérez,0902513428,Microempresa,Servicios Personales e Independientes,Tungurahua,27,Masculino,26,14,15.38,3,12,0,0,0,0.0,10.47,1,0.0786,Bajo
5e77ae60-56b2-45c1-b39e-6671726f58e9,Carlos López,0923862201,Microempresa,Alimentación y Gastronomía,Los Ríos,26,Femenino,35,208,5.99,20,174,14,0,0,0.0,3.09,1,0.038,Bajo
950b9b58-93d1-4903-8822-ed1971855a93,Ana Torres,0917534015,Microempresa,Alimentación y Gastronomía,Pichincha,25,Femenino,34,177,2.29,32,109,36,1,0,0.0,2.12,2,0.0453,Bajo
3aeb4bd0-846c-4fc2-875a-60c15288b49d,María Pérez,0993132028,Microempresa,Comercio Minorista,Pichincha,39,Femenino,29,58,28.42,8,34,15,1,0,0.0,16.0,2,0.1062,Bajo
fd40eb0e-b1d5-4c80-9345-ec3e35cffbcf,Ana Torres,0920859389,Microempresa,Servicios Personales e Independientes,Guayas,26,Femenino,9,32,20.12,2,25,5,0,0,0.0,3.8,0,0.1399,Bajo
e71259d3-25ae-4ccf-8966-466c24023b9b,Pedro Ruiz,0923438394,Mediana Empresa B,Alimentación y Gastronomía,Cañar,36,Femenino,22,20,5.05,2,12,6,0,0,0.0,13.7,1,0.0863,Bajo
50b3d985-1493-4fdc-ac03-4eb118da14e6,Ana Torres,0919399020,Microempresa,Comercio Minorista,Pichincha,23,Masculino,26,44,8.47,4,32,8,0,0,0.0,6.82,2,0.0377,Bajo
9c2dee1a-8c6a-438b-af7b-141936dd2434,María Pérez,0901983560,Microempresa,Alimentación y Gastronomía,Guayas,28,Femenino,32,52,1.5,4,32,17,0,0,0.0,6.63,0,0.1486,Bajo
a2392d0e-109f-4db1-9962-2a8285820420,Juan Gómez,0919335856,Microempresa,Moda y Estilo de Vida,El Oro,31,Masculino,4,26,48.04,2,16,8,1,0,0.0,1.3,2,0.2224,Bajo
897311a7-1feb-45d0-8fae-9402a8d2c3d0,Pedro Ruiz,0922225609,Microempresa,Comercio Minorista,Bolívar,18,Masculino,28,42,7.66,6,31,6,1,0,0.0,22.15,4,0.4186,Medio
2c235575-2079-4a45-b884-bb8ea124aa6f,Pedro Ruiz,0923209241,Microempresa,Alimentación y Gastronomía,Azuay,29,Femenino,4,39,4.68,5,33,1,3,0,0.0,44.93,5,0.5616,Medio
a70ec187-ece7-4356-b68f-c4b36d304484,Juan Gómez,0996200347,Microempresa,Servicios Personales e Independientes,Guayas,28,Masculino,33,19,7.89,4,14,1,1,0,0.0,25.67,4,0.4809,Medio
ed8dc98d-408e-452e-98e5-eed105e5de89,Andrés Díaz,0935607974,Microempresa,Entretenimiento y Educación,Sucumbíos,28,Masculino,21,13,32.63,1,11,1,0,0,0.0,17.74,6,0.4879,Medio
0f50a5fa-3301-410c-a681-003fd769acd2,Ana Torres,0973785619,Microempresa,Servicios Personales e Independientes,Manabí,27,Masculino,16,10,23.38,2,9,0,1,0,0.0,7.47,1,0.1998,Bajo
e4e31056-56de-4cf8-91ab-a1c8feca0d3f,María Pérez,0981929919,Microempresa,Moda y Estilo de Vida,Manabí,22,Masculino,13,46,4.64,4,36,7,1,1,0.0,13.56,1,0.8288,Alto
a0fcffe5-c454-4a25-91be-e9f0958904c6,Carmen Ríos,0993169069,Microempresa,Entretenimiento y Educación,Azuay,27,Masculino,10,12,11.09,1,9,1,0,0,0.0,3.41,10,0.8216,Alto
221ce859-2f56-4029-a78a-9bed44306846,María Pérez,0999871042,Microempresa,Alimentación y Gastronomía,Pichincha,24,Femenino,31,48,3.23,3,33,12,1,0,0.0,12.21,6,0.4068,Medio
825f7856-46cc-4337-bdad-44897ce46f90,Lucía Mora,0934774341,Microempresa,Comercio Minorista,Imbabura,25,Femenino,34,21,25.45,2,13,6,1,0,0.0,66.32,2,0.0345,Bajo
4eb67b6f-d9e2-4141-b0b6-e9dee9b3ac5d,Carlos López,0904001888,Microempresa,Comercio Minorista,Los Ríos,24,Femenino,12,21,30.49,2,18,1,1,0,0.0,21.86,0,0.1106,Bajo
c9f36516-29c1-4bc1-a92b-9d7ba9c0fb62,Ana Torres,0940956345,Pequeña Empresa,Alimentación y Gastronomía,Pichincha,25,Masculino,32,131,5.97,19,100,13,1,0,0.0,0.64,0,0.1127,Bajo
d15b8220-79ab-4b10-b90f-27906491f2bd,Pedro Ruiz,0940519701,Microempresa,Moda y Estilo de Vida,Pichincha,28,Femenino,13,51,41.64,3,43,5,2,0,0.0,1.04,1,0.1238,Bajo
2f368cde-f963-435f-ae9b-ecdcb875bef5,Diego Castro,0968028748,Microempresa,Comercio Minorista,Tungurahua,18,Masculino,26,98,10.73,14,80,4,1,1,0.0,0.49,4,0.5317,Medio
12e401cc-d2bb-4d53-baa7-e8bc335d44a1,Lucía Mora,0956300910,Microempresa,Comercio Minorista,Azuay,28,Femenino,3,68,31.78,11,43,14,2,1,0.0,85.74,2,0.4217,Medio
985cc9e9-3d01-4319-a069-78ad9b96589f,Andrés Díaz,0943393637,Microempresa,Alimentación y Gastronomía,Pichincha,21,Femenino,10,77,3.97,15,56,6,1,0,0.0018,5.11,2,0.15,Bajo
5f42a216-7cff-4620-991e-5af00ed68a3f,Carlos López,0941753367,Microempresa,Servicios Personales e Independientes,El Oro,24,Masculino,21,19,4.46,3,17,0,0,0,0.0,2.43,6,0.3646,Medio
d544a502-387d-4a79-a6f7-3778f4e4324c,Sofía Vega,0925547179,Microempresa,Comercio Minorista,Pichincha,30,Masculino,13,42,6.08,5,35,2,2,0,0.0,145.81,5,0.1661,Bajo
73f60347-e3d8-4c39-979b-08f278b4b399,Pedro Ruiz,0956279871,Microempresa,Servicios Personales e Independientes,Imbabura,27,Masculino,4,20,37.35,1,19,0,2,0,0.0,1.97,3,0.4995,Medio
6146574a-b117-46f3-b96f-f60e7ae36988,Sofía Vega,0908904880,Microempresa,Alimentación y Gastronomía,Tungurahua,36,Masculino,24,105,8.59,11,65,28,1,1,0.0,27.35,2,0.6398,Medio
7e6cd12a-e444-4ec5-97e2-05032079e024,Andrés Díaz,0934521604,Microempresa,Comercio Minorista,Manabí,37,Masculino,8,51,14.33,7,31,13,2,0,0.0,7.36,3,0.3101,Bajo
9d6399c0-fde9-43c9-a5fd-6c9ac2f84cdf,Carmen Ríos,0963534016,Microempresa,Alimentación y Gastronomía,Pichincha,20,Femenino,4,39,7.85,3,24,12,1,0,0.0,6.63,3,0.2401,Bajo
cf9c4c48-4873-4690-bfdd-6febffa409e9,Lucía Mora,0952089170,Microempresa,Moda y Estilo de Vida,Guayas,40,Femenino,14,21,42.83,3,16,3,0,0,0.0013,25.04,2,0.2392,Bajo
88f1b93f-2634-4ab1-84a0-f195722ee848,Ana Torres,0938850651,Microempresa,Servicios Personales e Independientes,Guayas,34,Masculino,20,21,16.57,3,18,0,1,0,0.0,2.48,1,0.0915,Bajo
4f93a1c6-d686-422b-862d-8e23229c9734,Lucía Mora,0937783321,Microempresa,Alimentación y Gastronomía,Pastaza,26,Femenino,17,124,6.89,24,92,8,1,0,0.0,6.36,8,0.6874,Alto
772b201f-83e2-4049-a585-2bde234f53da,Juan Gómez,0970689115,Microempresa,Comercio Minorista,Pichincha,18,Masculino,25,58,10.63,7,35,17,0,0,0.0,6.34,4,0.2218,Bajo
eb7ab9cb-82a8-41be-9d0b-0c88f79e4d9b,Carlos López,0961326573,Microempresa,Comercio Minorista,Carchi,32,Masculino,13,82,20.69,9,67,6,4,0,0.0,3.97,2,0.136,Bajo
9f07660f-bf8a-4133-94aa-b4317b09a0bd,Lucía Mora,0924597100,Microempresa,Servicios Personales e Independientes,Azuay,37,Masculino,32,6,24.7,1,5,0,3,0,0.0,27.28,1,0.3858,Medio
07ece135-7ccb-44e7-bb8c-686cff90a0e9,Andrés Díaz,0992080116,Microempresa,Servicios Personales e Independientes,Pichincha,33,Femenino,5,11,8.01,1,8,1,0,0,0.0,13.95,5,0.667,Alto
3c079d1f-74b7-47df-ad49-a53008621dfd,Ana Torres,0935261354,Microempresa,Alimentación y Gastronomía,Loja,22,Femenino,31,112,1.5,11,73,28,1,0,0.0,27.97,12,0.6652,Alto
bb8bcb51-0bc1-4a97-b795-cdce4b546e9d,Ana Torres,0914215522,Microempresa,Servicios Personales e Independientes,Guayas,25,Femenino,20,21,17.83,4,18,0,2,0,0.0,1.05,0,0.0804,Bajo
8383f757-716c-4bd6-bcf4-78b2fcbcd4f3,Andrés Díaz,0982576230,Pequeña Empresa,Comercio Minorista,Guayas,30,Masculino,18,37,7.5,5,29,3,0,0,0.0,5.02,0,0.0963,Bajo
2bab5dd7-24e6-49a3-bef0-d43fa9fe1197,Carmen Ríos,0931880606,Pequeña Empresa,Servicios Personales e Independientes,Manabí,29,Femenino,5,13,30.02,1,11,1,1,0,0.0,2.14,1,0.146,Bajo
72fa530b-d973-4469-8bd4-99276384d30e,Diego Castro,0981611811,Pequeña Empresa,Moda y Estilo de Vida,Guayas,24,Masculino,26,14,12.48,1,11,2,1,0,0.0,109.58,6,0.3101,Bajo
53238e12-3571-436c-9291-998dfa34346d,Sofía Vega,0942085963,Microempresa,Comercio Minorista,Pichincha,37,Masculino,9,63,10.1,3,48,11,0,0,0.0,24.96,1,0.0703,Bajo
adbd5576-99f8-4199-bfb5-ba48233b3cbd,Juan Gómez,0932150952,Microempresa,Servicios Personales e Independientes,Esmeraldas,32,Femenino,23,6,17.42,0,5,1,0,0,0.0,2.08,1,0.2641,Bajo
82325a4d-fb3e-498b-91c6-adbc14ea0196,Carmen Ríos,0983387903,Microempresa,Alimentación y Gastronomía,Sucumbíos,30,Masculino,12,55,7.64,9,45,1,0,0,0.0,2.51,4,0.2174,Bajo
db92d457-1883-4437-b339-6e55ff707223,Lucía Mora,0932820779,Microempresa,Alimentación y Gastronomía,Manabí,38,Femenino,28,203,5.31,18,167,18,0,0,0.0,3.58,7,0.3964,Medio
cba7228e-ca0c-4d6c-939e-1a6e569f0e12,Andrés Díaz,0948712121,Pequeña Empresa,Servicios Personales e Independientes,El Oro,29,Femenino,26,61,31.7,4,52,5,0,0,0.0,10.78,7,0.6828,Alto
45114b91-a0f8-4919-8682-b9e71fb3bb82,Juan Gómez,0995908350,Microempresa,Servicios Personales e Independientes,Pichincha,35,Masculino,7,17,20.31,2,15,0,1,0,0.0,4.9,3,0.2593,Bajo
7e9f3365-3090-4a3c-8143-312f4fd159d0,Andrés Díaz,0911097014,Pequeña Empresa,Comercio Minorista,El Oro,34,Femenino,18,63,15.71,7,41,15,0,0,0.0,0.69,1,0.0834,Bajo
e8797dc6-1f15-46e0-b917-4598393af9f0,Andrés Díaz,0980243701,Microempresa,Entretenimiento y Educación,Tungurahua,18,Masculino,15,52,14.48,10,43,0,0,0,0.0,16.52,2,0.0598,Bajo
8f3a6ef7-156d-43d5-9fd3-2a061ec4c0df,Pedro Ruiz,0937866724,Microempresa,Alimentación y Gastronomía,Pichincha,27,Masculino,8,78,4.16,9,54,15,0,0,0.0,1.71,1,0.0439,Bajo
bfdc2ff3-a184-46f2-ac9d-eabe4260fe0a,Carlos López,0974258738,Pequeña Empresa,Servicios Personales e Independientes,Pichincha,26,Masculino,6,57,14.3,6,54,0,0,0,0.0,0.99,0,0.0759,Bajo
c0233cde-0a8d-4d02-8e6e-9cd6c410d4e6,Carlos López,0954419886,Microempresa,Comercio Minorista,Guayas,38,Masculino,4,42,30.35,8,34,0,1,0,0.0,5.27,8,0.7475,Alto
ff20e3cd-3121-466d-a269-ab82ed6a5a6a,Carmen Ríos,0999655522,Microempresa,Alimentación y Gastronomía,Loja,36,Masculino,29,54,2.38,6,43,5,0,0,0.0,460.56,17,0.2386,Bajo
fd8dbfad-1cf4-40c1-8de8-00a5b40c172f,Carmen Ríos,0982845113,Microempresa,Comercio Minorista,Pichincha,32,Masculino,23,37,1.82,3,30,4,0,0,0.0,2.86,4,0.3523,Medio
85488f19-a0b2-494e-8b46-47c8fbcfce39,Lucía Mora,0920781602,Microempresa,Alimentación y Gastronomía,Sucumbíos,29,Femenino,28,103,1.5,18,78,7,1,0,0.0,37.74,3,0.3092,Bajo
c2f7a960-8fc2-44b9-a3a1-36647c3b6206,Juan Gómez,0911456792,Microempresa,Alimentación y Gastronomía,Imbabura,31,Femenino,15,91,2.88,9,67,15,1,0,0.0023,33.92,5,0.4467,Medio
166205bc-ce7e-444e-828b-ff6f59c54426,Juan Gómez,0986520941,Microempresa,Alimentación y Gastronomía,Manabí,24,Masculino,19,77,8.28,15,52,11,1,0,0.0,5.11,6,0.4052,Medio
22649d0f-e158-4ed6-8b3a-d7d6efc6c857,Diego Castro,0912330359,Microempresa,Alimentación y Gastronomía,Tungurahua,31,Femenino,29,185,3.36,32,110,43,1,0,0.0,3.48,1,0.0811,Bajo
e0aee5a3-cf1c-4886-ae6b-0603ebe4a27a,Carlos López,0909511229,Microempresa,Comercio Minorista,Guayas,29,Masculino,27,12,19.65,2,7,3,0,0,0.0,2.73,2,0.2463,Bajo
22f5de10-b350-47e4-89ab-16c271539ac9,María Pérez,0973920988,Microempresa,Alimentación y Gastronomía,Chimborazo,23,Femenino,23,240,1.5,37,192,11,0,0,0.0,185.24,1,0.042,Bajo
0466f8c5-94a4-4cb4-a2f4-e687a6b10fdc,Andrés Díaz,0962814934,Microempresa,Comercio Minorista,Orellana,25,Masculino,20,11,4.78,2,8,1,0,0,0.0,408.08,3,0.1508,Bajo
ae3d954d-5b48-455d-94ff-3aaa674faa33,Lucía Mora,0934381115,Microempresa,Comercio Minorista,Pichincha,26,Masculino,35,61,13.28,12,36,13,0,0,0.0,2.34,1,0.0431,Bajo
b3897848-4515-483b-b492-406c57cc05f1,Andrés Díaz,0958531133,Microempresa,Alimentación y Gastronomía,Manabí,24,Femenino,5,66,4.97,10,48,9,1,0,0.0,12.84,0,0.1273,Bajo
bf75f737-9320-460b-a2a0-16433f97698f,Pedro Ruiz,0998970491,Microempresa,Alimentación y Gastronomía,Carchi,32,Femenino,31,126,3.6,22,101,3,0,0,0.0,23.71,7,0.5037,Medio
81c8c976-c8e2-491d-a0a3-96b92d76eb31,Lucía Mora,0981036725,Microempresa,Alimentación y Gastronomía,Guayas,32,Masculino,28,267,8.73,24,193,50,1,0,0.0,23.73,5,0.1659,Bajo
16a6cf66-09f7-4195-9ba5-fd38b53ec433,Juan Gómez,0926529872,Microempresa,Alimentación y Gastronomía,El Oro,23,Masculino,8,131,6.73,24,92,15,1,0,0.0,1.61,1,0.0746,Bajo
60f73069-4282-4e26-b156-6b9a0a998aa2,Andrés Díaz,0968542235,Microempresa,Servicios Personales e Independientes,Tungurahua,31,Femenino,20,38,25.16,6,34,0,2,1,0.0,2.89,12,0.7813,Alto
60319568-87de-4c5b-991b-8a84068b964b,Lucía Mora,0929476041,Microempresa,Comercio Minorista,Pichincha,31,Masculino,28,89,16.06,15,56,17,1,0,0.0,36.49,5,0.3745,Medio
1f080351-7dc4-4053-bddd-df7c5b40439c,María Pérez,0925108479,Microempresa,Moda y Estilo de Vida,Santo Domingo,18,Femenino,35,16,5.39,2,13,1,0,0,0.0,21.69,10,0.625,Medio
93da6f04-e522-4aa9-ab9a-c5d1cbfb615f,Andrés Díaz,0904878622,Microempresa,Moda y Estilo de Vida,Azuay,22,Femenino,36,22,30.7,1,15,6,0,0,0.0,6.46,2,0.1641,Bajo
e73fd0cb-ca55-4183-b75e-208de47e1298,Pedro Ruiz,0928565222,Microempresa,Alimentación y Gastronomía,Guayas,34,Masculino,15,75,4.57,9,56,10,0,0,0.0,430.98,2,0.052,Bajo
0692a893-f246-445b-95ed-4bf931579861,Carlos López,0958601952,Microempresa,Alimentación y Gastronomía,Tungurahua,30,Femenino,19,105,5.44,8,79,18,0,0,0.0,35.46,5,0.2538,Bajo
92d1920d-3a80-4729-bb4b-c03cc276d87a,Lucía Mora,0937600895,Microempresa,Servicios Personales e Independientes,Manabí,26,Femenino,12,63,26.81,10,59,0,0,0,0.0,64.74,1,0.1021,Bajo
226bc369-acdb-4abc-aed2-5681ef1b0676,Diego Castro,0994181085,Pequeña Empresa,Comercio Minorista,Pichincha,32,Masculino,12,500,4.35,63,299,138,0,0,0.0031,11.23,6,0.4773,Medio
b3309986-7f1c-470f-89fe-530bf534c835,Ana Torres,0995806376,Microempresa,Alimentación y Gastronomía,Guayas,25,Masculino,19,161,6.62,16,123,22,0,0,0.0,38.83,4,0.2338,Bajo
31a568b0-5c22-4cab-9d87-2403ef2944b0,Juan Gómez,0983423286,Microempresa,Alimentación y Gastronomía,Guayas,32,Femenino,33,55,13.03,7,32,16,1,0,0.0,21.45,2,0.1921,Bajo
63af0044-bcbc-49d2-b06b-1a1c4300a351,Carlos López,0903780520,Microempresa,Comercio Minorista,Azuay,32,Masculino,12,39,17.61,5,27,7,0,0,0.0014,984.95,10,0.4117,Medio
aa8f7064-92ae-4e91-b5e6-156f9d16362f,Juan Gómez,0997556126,Pequeña Empresa,Alimentación y Gastronomía,Guayas,40,Femenino,29,47,1.5,2,36,8,0,0,0.0,50.69,9,0.3437,Bajo
b6d5294a-3863-480a-925a-11cfefcb36df,María Pérez,0921596868,Microempresa,Comercio Minorista,Manabí,36,Masculino,8,15,35.38,3,9,3,2,0,0.0,15.41,5,0.5511,Medio
030af0bd-faba-4b08-b7f7-01d4b5c49d25,Sofía Vega,0931782124,Microempresa,Alimentación y Gastronomía,Pichincha,35,Masculino,5,54,3.49,4,32,17,0,0,0.0,20.49,2,0.0718,Bajo
045a8e59-d6e7-4ff8-adc7-c06993054eb3,Diego Castro,0941438996,Microempresa,Alimentación y Gastronomía,Pichincha,18,Masculino,25,74,1.5,14,63,0,1,0,0.0,17.71,7,0.3791,Medio
83a2ebfa-2cec-4450-b706-294d63246449,Diego Castro,0932589769,Microempresa,Alimentación y Gastronomía,Manabí,35,Femenino,8,74,6.88,8,48,18,3,1,0.0,5.16,11,0.8206,Alto
16678c66-6a6d-4375-b36c-80dacfa07f02,Andrés Díaz,0936343625,Microempresa,Servicios Personales e Independientes,Los Ríos,25,Femenino,28,7,10.11,1,6,0,2,0,0.0,94.35,5,0.3095,Bajo
056b2fa8-17a9-4b6e-b9eb-70be87e06c5f,Andrés Díaz,0962570777,Microempresa,Comercio Minorista,Pichincha,26,Femenino,15,61,3.28,9,40,12,0,0,0.0437,13.96,7,0.8159,Alto
7f9b3caa-cd1a-443f-a276-a2379c3d82d9,Diego Castro,0948352523,Microempresa,Comercio Minorista,Pichincha,31,Femenino,23,115,3.1,22,86,6,1,0,0.0,13.46,1,0.0644,Bajo
98876281-3c0b-4cd2-85a3-150e7a362ca4,Lucía Mora,0973729546,Microempresa,Servicios Personales e Independientes,Pichincha,44,Femenino,9,25,33.56,4,19,2,0,0,0.0,20.97,6,0.3678,Medio
d44c500d-7463-4a0f-a715-07686219a5d1,Carmen Ríos,0937008815,Microempresa,Comercio Minorista,Esmeraldas,28,Femenino,4,40,23.42,5,23,11,3,1,0.0,16.77,1,0.6864,Alto
f64f0c7c-71f4-4958-8cc7-a7e66447aec0,Diego Castro,0954429511,Microempresa,Alimentación y Gastronomía,Pichincha,34,Femenino,2,94,1.5,7,73,14,1,1,0.0,4.83,2,0.6626,Alto
b5571b51-c0ff-46a3-9e18-bc5622eaf248,Pedro Ruiz,0926141792,Microempresa,Alimentación y Gastronomía,Pichincha,23,Masculino,29,33,1.5,5,20,7,0,0,0.006,4.02,3,0.3824,Medio
50a3d42a-65f9-4ced-af83-c43a197273bc,María Pérez,0917955719,Microempresa,Alimentación y Gastronomía,Santo Domingo,26,Femenino,21,95,5.68,10,57,28,0,0,0.0,41.59,1,0.0982,Bajo
58b22241-810c-4890-a89a-8d3bf90f5ffd,Ana Torres,0956893008,Microempresa,Servicios Personales e Independientes,Manabí,27,Femenino,5,26,65.76,1,19,6,0,0,0.0,36.07,1,0.1151,Bajo
6562ff5f-9233-4fe2-a58b-d3ea39467541,Lucía Mora,0936991988,Microempresa,Servicios Personales e Independientes,Pichincha,18,Femenino,15,27,96.83,3,21,3,0,0,0.0,0.91,2,0.0775,Bajo
ba9bdaed-4061-4c0e-bc0c-5708bc4d3c96,Juan Gómez,0995584970,Microempresa,Alimentación y Gastronomía,Tungurahua,18,Femenino,35,144,1.73,27,99,18,0,0,0.0,4.11,0,0.0275,Bajo
7ef93dda-64de-487b-80f7-9e60ca7f11b4,María Pérez,0930596728,Microempresa,Alimentación y Gastronomía,Pichincha,32,Femenino,19,44,4.88,7,27,10,0,0,0.0,2.09,3,0.1741,Bajo
92c55b19-0ba8-44ae-86ca-3fa4a18d1d1a,Pedro Ruiz,0994411625,Microempresa,Alimentación y Gastronomía,Pichincha,37,Femenino,27,58,1.87,8,45,5,0,0,0.0,9.37,1,0.0282,Bajo
55f3301f-272c-4db2-a107-f16ed60737f3,María Pérez,0948805487,Microempresa,Comercio Minorista,Guayas,27,Masculino,22,60,5.65,10,42,8,0,0,0.0,1.82,0,0.0905,Bajo
9baf37f0-d57c-490e-93b2-fdf399e443d9,Carlos López,0947524828,Microempresa,Moda y Estilo de Vida,Loja,36,Masculino,6,30,25.05,6,23,1,1,0,0.0,5.85,5,0.5743,Medio
919e20c6-6f9a-4673-ba0a-43703727831d,Lucía Mora,0921065523,Microempresa,Comercio Minorista,Loja,30,Femenino,18,49,13.61,7,36,6,0,0,0.0,0.54,1,0.0836,Bajo
663e92cd-12f4-4595-b3d7-62b5ac16941e,Diego Castro,0970318498,Microempresa,Entretenimiento y Educación,Guayas,31,Masculino,6,3,14.91,0,3,0,1,0,0.0,14.15,2,0.3234,Bajo
1ff84107-818d-45d2-b7ff-de87afad7ce1,Lucía Mora,0948963263,Microempresa,Comercio Minorista,Guayas,30,Femenino,17,65,14.06,13,38,14,1,0,0.0,13.84,2,0.1748,Bajo
20cf9a34-15ed-416e-8eeb-8bf957c7d91e,Carmen Ríos,0993213383,Microempresa,Moda y Estilo de Vida,Azuay,28,Masculino,29,8,27.48,1,5,2,2,0,0.0,78.53,0,0.2062,Bajo
7b075949-e25c-49c9-a3e6-260ea345d223,Ana Torres,0918477373,Microempresa,Comercio Minorista,Manabí,36,Femenino,35,19,13.15,4,13,3,3,0,0.0,5.75,3,0.2265,Bajo
836d6822-a635-42d0-a699-5259f8b22abe,Carmen Ríos,0979844758,Microempresa,Servicios Personales e Independientes,Loja,33,Masculino,12,239,3.88,24,184,31,0,0,0.0,7.73,0,0.0789,Bajo
7f76024a-74b3-444c-816e-48d7aa685122,María Pérez,0949278882,Microempresa,Servicios Personales e Independientes,Guayas,32,Masculino,13,25,24.95,1,22,2,2,0,0.0,9.74,1,0.1307,Bajo
2f61718b-3242-4c8c-9c0d-2267978f52be,Carmen Ríos,0992664573,Microempresa,Servicios Personales e Independientes,Azuay,31,Masculino,29,10,26.02,1,8,1,0,0,0.0,6.31,4,0.6357,Medio
5d0c8b7e-41cc-47c3-9d47-a125733b14ed,Pedro Ruiz,0967605285,Microempresa,Servicios Personales e Independientes,Orellana,28,Masculino,17,53,8.39,10,45,0,0,0,0.0,449.63,8,0.2313,Bajo
014bc264-8077-4e0b-9cb6-a50c7982bdfd,Pedro Ruiz,0966410916,Microempresa,Alimentación y Gastronomía,Loja,33,Masculino,5,86,5.24,9,68,9,0,0,0.0,1.35,0,0.06,Bajo
48eb2aa9-0225-4ecd-9a78-f7d8f9770dab,Diego Castro,0942948017,Microempresa,Moda y Estilo de Vida,Pichincha,24,Femenino,18,41,49.95,3,24,14,0,0,0.0,16.94,3,0.285,Bajo
70cc08e5-76c2-4077-9e38-ae3ef8422273,Juan Gómez,0939843758,Microempresa,Comercio Minorista,Guayas,25,Masculino,28,34,47.69,2,28,3,0,0,0.0,37.1,1,0.1137,Bajo
77f5818b-fb9f-4365-8e66-e7fd2607fe5d,Juan Gómez,0919287016,Microempresa,Alimentación y Gastronomía,Pichincha,32,Femenino,15,122,2.38,11,93,17,1,1,0.0195,25.65,9,0.9117,Alto
d3ce7d48-8679-4de8-95c9-2754bd4e7c69,Juan Gómez,0980042095,Microempresa,Servicios Personales e Independientes,Tungurahua,33,Femenino,36,17,3.78,2,14,1,0,0,0.0,33.27,4,0.3149,Bajo
ce108393-ae84-4793-92f9-f2168ca41625,Pedro Ruiz,0997321997,Microempresa,Comercio Minorista,Guayas,24,Masculino,30,31,5.27,4,23,3,0,0,0.0,1.81,0,0.1103,Bajo
1a44ec7a-0bf9-44e7-ad7e-92bd0dd47a93,Carlos López,0973373911,Microempresa,Alimentación y Gastronomía,Guayas,26,Femenino,20,57,2.96,11,36,10,0,0,0.0,25.66,1,0.1605,Bajo
55df9fd1-7803-4ca2-a023-3b00b6ed8ee7,Andrés Díaz,0977983624,Microempresa,Alimentación y Gastronomía,Imbabura,33,Femenino,30,128,2.73,14,102,12,0,0,0.0,4.91,0,0.0701,Bajo
4057cc8c-bef0-48ba-9bcc-35dff4d3bf91,Andrés Díaz,0959823139,Microempresa,Comercio Minorista,Cotopaxi,29,Masculino,1,10,9.24,1,8,1,0,0,0.0,7.75,4,0.625,Medio
30de0fe2-462c-41d2-a095-5d591fb1acd9,Andrés Díaz,0961231990,Microempresa,Servicios Personales e Independientes,El Oro,30,Masculino,32,15,40.65,1,13,1,0,0,0.0,16.23,1,0.1532,Bajo
9ffb38fa-ad0c-4497-905b-4f3dca5c6a82,Pedro Ruiz,0977895078,Microempresa,Servicios Personales e Independientes,El Oro,25,Femenino,11,60,16.0,10,46,4,0,0,0.0019,2.19,4,0.4875,Medio
3988d9f8-381d-49cb-baf6-1903c94efd7d,Juan Gómez,0992247559,Microempresa,Comercio Minorista,Pichincha,34,Masculino,24,71,23.23,4,53,14,0,0,0.0,28.27,1,0.028,Bajo
6ba72971-6bf6-4e7a-b048-ba30f6f31a78,Ana Torres,0987384521,Microempresa,Servicios Personales e Independientes,Manabí,30,Femenino,2,12,28.15,1,9,1,1,0,0.0,6.85,1,0.3577,Medio
48dcf206-0393-4fe5-8278-5f8846dd92bd,Diego Castro,0993903284,Mediana Empresa A,Alimentación y Gastronomía,Pichincha,28,Masculino,16,73,2.93,6,60,7,0,0,0.0,54.93,2,0.0922,Bajo
d8c736ab-ca17-48ad-afbb-fe8115292c32,Andrés Díaz,0999968831,Microempresa,Alimentación y Gastronomía,Guayas,33,Femenino,32,160,2.1,28,109,23,2,1,0.0,18.13,0,0.4036,Medio
630d7746-8935-4217-aa7b-c3ba54efdec7,Andrés Díaz,0927736580,Microempresa,Comercio Minorista,Pichincha,27,Masculino,35,94,11.62,12,70,12,0,0,0.0011,8.56,3,0.5046,Medio
8665f5d8-b2b9-4dd7-8337-04f0d35fc985,Juan Gómez,0982297643,Microempresa,Comercio Minorista,Pichincha,28,Masculino,9,35,9.43,7,23,5,2,0,0.0,1.86,2,0.087,Bajo
5fdfd6a3-7bb6-464e-ba14-2c13e778f821,Pedro Ruiz,0932685333,Microempresa,Comercio Minorista,Azuay,35,Femenino,4,64,2.33,12,49,2,2,0,0.0,53.02,1,0.1663,Bajo
0325dd06-6bf4-459e-89d7-41c5c286d68d,Pedro Ruiz,0905421826,Microempresa,Comercio Minorista,Chimborazo,35,Femenino,16,82,15.92,11,52,19,0,0,0.0,2.46,3,0.2555,Bajo
1f67e5a0-0256-4eef-8ead-1697dc71028c,Diego Castro,0945086884,Microempresa,Entretenimiento y Educación,Guayas,29,Masculino,29,17,11.26,1,12,4,1,0,0.0,481.86,4,0.066,Bajo
dccbf4f7-6514-4c69-886e-8e60f7b38fdb,Diego Castro,0942853287,Microempresa,Alimentación y Gastronomía,Pichincha,36,Masculino,19,237,13.79,14,186,36,1,1,0.0,5.62,2,0.3301,Bajo
eb7ef03c-b24e-470b-9acd-0655fd10e892,María Pérez,0979321329,Microempresa,Comercio Minorista,Guayas,29,Femenino,26,69,17.12,8,45,16,0,0,0.0,4.74,4,0.3556,Medio
d82faca9-dc4f-427a-b8f0-06fadab7ef39,Lucía Mora,0954690909,Microempresa,Alimentación y Gastronomía,Manabí,19,Masculino,14,36,14.12,7,23,6,0,0,0.0,27.98,1,0.1034,Bajo
1707c51c-ab13-4e1e-9f3a-5d0962d072e9,Carlos López,0981202667,Microempresa,Alimentación y Gastronomía,Chimborazo,34,Masculino,5,87,1.6,5,64,18,0,0,0.0,4.36,6,0.2105,Bajo
52aabe6d-d6cf-4eb5-be83-31c20366b1ae,Sofía Vega,0910459023,Pequeña Empresa,Comercio Minorista,Pichincha,33,Femenino,7,181,4.76,24,151,7,1,0,0.0,6.65,1,0.0705,Bajo
45ea69df-a5cd-4a33-988c-8d2d0a619ee2,Ana Torres,0914739960,Microempresa,Entretenimiento y Educación,Los Ríos,31,Masculino,28,19,13.29,1,17,1,1,0,0.0076,5.3,4,0.5608,Medio
b99f67f4-c16b-4323-968c-9a6365acad9e,Sofía Vega,0944503471,Microempresa,Servicios Personales e Independientes,Esmeraldas,22,Masculino,10,17,26.06,1,13,3,0,0,0.0,11.77,3,0.4334,Medio
7c544d7b-b625-42d9-9d3a-6716cae397b4,María Pérez,0941533821,Microempresa,Comercio Minorista,Pichincha,31,Masculino,24,14,10.92,1,9,3,0,0,0.0,37.35,4,0.3503,Medio
25387b17-027c-4b81-8b64-7b8601e3bf01,Sofía Vega,0992880430,Microempresa,Servicios Personales e Independientes,Tungurahua,34,Masculino,25,20,13.44,2,15,3,0,0,0.0,14.55,13,0.6459,Medio
eb125965-8bb8-46d3-9f97-625e0e36d9ac,Pedro Ruiz,0993473234,Microempresa,Alimentación y Gastronomía,Pichincha,30,Femenino,34,220,5.92,30,172,18,0,0,0.0,6.42,0,0.0298,Bajo
5e67a923-5c79-4062-a161-ea68762f2c40,Ana Torres,0965559757,Microempresa,Entretenimiento y Educación,El Oro,23,Femenino,29,7,51.2,1,6,0,0,0,0.0,17.65,3,0.6597,Alto
30a41ad9-3533-4b55-a01d-0a6f852571b7,Andrés Díaz,0986066484,Microempresa,Alimentación y Gastronomía,Guayas,34,Femenino,16,66,4.4,4,42,21,0,0,0.0,4.01,1,0.0687,Bajo
7e10593a-76ac-4c6f-9ea1-73983d2d42fd,Carlos López,0994739339,Microempresa,Entretenimiento y Educación,Pichincha,29,Masculino,18,37,37.63,6,33,0,0,0,0.0,18.75,6,0.3824,Medio
f0058d80-ba23-47ac-b690-52e9de935f45,Juan Gómez,0913291181,Pequeña Empresa,Alimentación y Gastronomía,Zamora Chinchipe,20,Femenino,6,49,4.81,3,29,17,0,0,0.0,12.28,0,0.0638,Bajo
d3105cfa-3374-4215-b7f1-d13ba0390b9e,Sofía Vega,0950947556,Microempresa,Alimentación y Gastronomía,Guayas,27,Masculino,2,86,3.44,5,72,9,2,0,0.0,2.16,3,0.4033,Medio
3ae007a7-a860-4d37-92f4-69b25f34e2b3,María Pérez,0990386261,Microempresa,Servicios Personales e Independientes,Guayas,26,Masculino,22,12,78.22,2,10,1,2,1,0.0,59.16,0,0.2889,Bajo
b5c27f76-4613-41fd-b595-70c2f91bf2e7,Lucía Mora,0924836236,Mediana Empresa B,Alimentación y Gastronomía,Carchi,22,Femenino,14,50,1.5,6,39,5,0,0,0.0,6.84,0,0.0872,Bajo
037a3405-5886-4ef8-928e-bea0107db914,Andrés Díaz,0968707082,Microempresa,Alimentación y Gastronomía,Pichincha,24,Masculino,8,29,5.0,2,19,8,0,0,0.0,2.03,3,0.1919,Bajo
993cd405-5305-4a14-9c01-19a96b8935a3,Juan Gómez,0996361685,Microempresa,Comercio Minorista,Pichincha,23,Femenino,10,168,2.83,20,102,46,0,0,0.0033,832.89,3,0.2403,Bajo
9dd94a66-44b8-49cf-8905-e8994632e555,Lucía Mora,0942764468,Microempresa,Alimentación y Gastronomía,Pichincha,26,Masculino,15,13,12.4,1,8,4,1,0,0.0,9.22,1,0.1042,Bajo
e1b00feb-a2c7-47e5-9106-c900a6efe886,Andrés Díaz,0910126114,Microempresa,Comercio Minorista,Los Ríos,18,Masculino,33,30,39.92,5,25,0,2,0,0.0,190.67,2,0.0206,Bajo
f3bc5655-d6d9-4cd4-8960-18344c5b509f,Carlos López,0921944506,Microempresa,Comercio Minorista,Loja,24,Masculino,15,81,14.14,12,52,17,0,0,0.0,16.15,1,0.0723,Bajo
63d9d88a-d1ac-413b-a169-6d9e2938da4a,María Pérez,0935281196,Microempresa,Servicios Personales e Independientes,Guayas,31,Femenino,30,6,8.56,1,5,0,0,0,0.0,33.97,3,0.5067,Medio
5cd4564e-d907-4fd2-add7-d68d382890df,Carlos López,0962311568,Microempresa,Alimentación y Gastronomía,Azuay,19,Femenino,35,42,1.5,6,29,6,1,0,0.0,38.75,10,0.4798,Medio
e575f229-c95f-47ab-bd2b-9a2289d145b6,Ana Torres,0993107891,Microempresa,Comercio Minorista,Imbabura,34,Masculino,26,39,25.73,7,27,5,3,0,0.0,31.97,2,0.1423,Bajo
44e789f3-64b9-4770-ae53-a97133fca0b2,Carlos López,0993796811,Microempresa,Servicios Personales e Independientes,Pichincha,28,Masculino,3,13,10.46,1,10,2,0,0,0.0,61.27,3,0.3494,Bajo
50f7ae59-220b-461b-b9ab-87b10ce4ba61,Sofía Vega,0937845481,Microempresa,Moda y Estilo de Vida,Guayas,34,Masculino,24,11,16.5,2,6,2,1,0,0.0,246.19,1,0.0525,Bajo
a24e7047-0a3d-4242-bc9a-6fcff1a2d166,Ana Torres,0904136579,Microempresa,Alimentación y Gastronomía,Pichincha,28,Femenino,23,97,2.36,7,65,24,2,1,0.0,117.86,3,0.4975,Medio
141152bc-0ee1-43f0-abdc-8536b5e00681,Andrés Díaz,0989999163,Microempresa,Moda y Estilo de Vida,Pichincha,25,Femenino,1,47,26.94,5,39,4,0,0,0.0,2.1,0,0.125,Bajo
bc2506a3-2a4b-4d4f-bf7a-17090b3af563,Sofía Vega,0943613534,Microempresa,Alimentación y Gastronomía,Guayas,18,Femenino,11,31,4.19,4,21,6,2,0,0.0,31.18,7,0.5969,Medio
2608d722-479c-4c06-aa4d-664c6f3daf23,Sofía Vega,0913854483,Microempresa,Comercio Minorista,Manabí,27,Masculino,29,17,7.91,3,13,1,0,0,0.0,33.6,0,0.1222,Bajo
22db5df5-05b6-4beb-8666-55b1db9466e0,Carlos López,0938987528,Microempresa,Alimentación y Gastronomía,Tungurahua,37,Masculino,9,114,4.94,11,67,35,2,0,0.0,17.91,4,0.2943,Bajo
894c83e8-1ea0-468b-9942-c9b92e85fde2,Ana Torres,0967011430,Microempresa,Moda y Estilo de Vida,Pichincha,34,Masculino,20,3,6.9,1,2,0,0,0,0.0,19.11,2,0.1825,Bajo
a12e38d0-2c82-4045-ba7c-c942ef0934c7,Carlos López,0921797122,Pequeña Empresa,Moda y Estilo de Vida,Pichincha,27,Femenino,11,9,23.73,1,7,1,2,0,0.0,33.72,1,0.3259,Bajo
cbe945cb-07d8-42ee-9448-b801e284e71a,Carmen Ríos,0935015423,Microempresa,Servicios Personales e Independientes,Esmeraldas,30,Masculino,8,12,54.48,1,11,0,1,0,0.0,3.78,0,0.1828,Bajo
b6cffeaa-90a1-42c6-94a4-beb4c7c1bceb,Ana Torres,0998402136,Microempresa,Alimentación y Gastronomía,Guayas,24,Masculino,9,228,5.47,28,172,28,0,0,0.0,7.26,2,0.0247,Bajo
e9ee1fbc-1437-48ea-bff5-2d4b9d040bac,Juan Gómez,0954360138,Microempresa,Alimentación y Gastronomía,Guayas,28,Femenino,8,75,10.66,9,53,13,0,0,0.0,19.13,0,0.1256,Bajo
d0023656-bd38-4510-a067-9d8e8bde15df,Diego Castro,0979150941,Microempresa,Comercio Minorista,Guayas,31,Femenino,12,36,3.45,4,22,10,0,0,0.0,12.71,1,0.1248,Bajo
72a7b72d-e6ba-428e-84dc-854ee97ad581,Juan Gómez,0954540996,Microempresa,Comercio Minorista,Pichincha,24,Masculino,5,24,4.92,4,18,2,0,0,0.0,14.59,1,0.0368,Bajo
5e608e23-ceb2-4a80-9a3b-98db2525c248,Juan Gómez,0963139138,Microempresa,Alimentación y Gastronomía,Guayas,32,Femenino,9,173,2.82,11,133,29,1,0,0.0,97.21,7,0.3106,Bajo
154f49ff-a51c-45b7-95d1-f8b01b7f5720,Andrés Díaz,0922570806,Microempresa,Servicios Personales e Independientes,Esmeraldas,34,Femenino,8,70,31.51,13,62,0,1,0,0.0,5.63,14,0.6629,Alto
6aa91c04-75e2-4d30-9aa8-166e9b969013,Sofía Vega,0938003908,Microempresa,Servicios Personales e Independientes,Guayas,18,Masculino,6,14,14.42,1,11,2,1,0,0.0,185.3,1,0.0617,Bajo
a9717cfa-7ae0-4dc1-97c5-61ad7c39a0c3,Pedro Ruiz,0958788508,Microempresa,Alimentación y Gastronomía,Pichincha,32,Femenino,8,33,3.01,2,24,7,0,0,0.0,16.11,1,0.0474,Bajo
fc6cf024-569d-44f7-acab-c9c3ecaae8af,Carmen Ríos,0901273846,Microempresa,Comercio Minorista,El Oro,18,Masculino,2,55,39.74,5,35,15,2,1,0.0,21.57,0,0.3998,Medio
1ef5b614-f6eb-4efe-96c6-3cd16dbde7ab,Carlos López,0920354538,Microempresa,Alimentación y Gastronomía,Pichincha,27,Masculino,1,97,3.41,14,66,17,0,0,0.0,0.73,3,0.2397,Bajo
9ef69f8a-309c-42c8-a7f8-da6e8556fbbc,Carlos López,0915094549,Microempresa,Moda y Estilo de Vida,Cañar,18,Femenino,8,19,64.93,2,13,4,0,0,0.0,21.93,1,0.195,Bajo
7772be2c-f8c4-4dad-a5bc-c55f9a449247,Pedro Ruiz,0933824893,Pequeña Empresa,Servicios Personales e Independientes,Guayas,33,Masculino,33,10,34.17,1,9,0,0,0,0.0,5.88,3,0.5411,Medio
a06e2cb8-072a-4eee-ac6f-32e850a223e4,Carlos López,0987492235,Pequeña Empresa,Servicios Personales e Independientes,Tungurahua,29,Femenino,19,12,42.65,2,10,0,1,0,0.0,44.59,3,0.3093,Bajo
317c3592-ff6e-4ff5-b8e5-e573e9b612ab,Carlos López,0920616112,Microempresa,Alimentación y Gastronomía,Azuay,35,Masculino,36,84,2.79,5,55,24,0,0,0.0,12.98,1,0.097,Bajo
5f6d8f6b-3adf-41c7-aead-a5943c54a706,Ana Torres,0930954926,Microempresa,Alimentación y Gastronomía,Pichincha,20,Masculino,1,28,12.54,4,21,3,1,0,0.0,8.17,2,0.1502,Bajo
8ff78959-71e0-46b1-8716-554e375086a7,Carmen Ríos,0940096316,Microempresa,Moda y Estilo de Vida,Azuay,18,Femenino,29,9,78.2,1,5,3,1,0,0.0,152.68,0,0.1388,Bajo
2ce14544-63c4-4db8-86b7-3d011136987d,Diego Castro,0958555523,Microempresa,Comercio Minorista,Guayas,33,Femenino,26,43,6.23,6,32,4,0,0,0.0,2.95,3,0.3367,Bajo
7523701b-388b-43a3-819e-970f999a7bcf,Lucía Mora,0984587698,Microempresa,Alimentación y Gastronomía,Pichincha,24,Masculino,34,61,12.31,6,38,16,2,0,0.0,1.14,1,0.0829,Bajo
b17aa37d-d178-4399-8ed2-d27e56a5d612,Sofía Vega,0947159008,Microempresa,Entretenimiento y Educación,Orellana,18,Femenino,36,10,42.22,1,8,0,0,0,0.0,96.82,3,0.3009,Bajo
66f0cbd1-1919-4c43-ab2c-4d8cb37bdd12,Juan Gómez,0945167318,Microempresa,Comercio Minorista,Pichincha,25,Masculino,13,32,8.09,5,22,5,1,0,0.0,12.42,4,0.495,Medio
900cea49-d031-4fb2-8981-ee68fa743db3,Pedro Ruiz,0975787286,Microempresa,Comercio Minorista,Guayas,30,Femenino,28,34,12.77,6,27,1,1,0,0.0035,116.75,2,0.1594,Bajo
f4be155b-1719-41ca-b03a-3e2d86e7e766,Carmen Ríos,0917273091,Microempresa,Servicios Personales e Independientes,El Oro,28,Masculino,36,12,23.26,1,10,0,1,0,0.0,6.63,3,0.3944,Medio
59532767-5b4c-4afe-a689-84bf43618300,Lucía Mora,0937223769,Microempresa,Servicios Personales e Independientes,Manabí,26,Masculino,17,6,19.88,1,5,0,0,0,0.0,8.91,0,0.2472,Bajo
c8296209-fc05-4b02-bb95-3be7e315da2d,Juan Gómez,0909822163,Microempresa,Alimentación y Gastronomía,Pichincha,33,Femenino,20,103,2.16,7,71,25,1,1,0.0,375.67,2,0.2471,Bajo
c8190ab7-3240-4e5b-bec3-ff73b3561c3f,Carlos López,0998244691,Microempresa,Servicios Personales e Independientes,Guayas,28,Femenino,8,28,19.94,3,21,5,1,1,0.0,7.02,1,0.8954,Alto
3ca170a8-a9e5-43d7-8a6a-c6e4fd9438af,Lucía Mora,0910105469,Microempresa,Servicios Personales e Independientes,Guayas,32,Femenino,24,3,79.04,0,3,0,1,0,0.0,10.81,0,0.1993,Bajo
56f51e41-587e-452a-b414-eae1ee9d5769,Carmen Ríos,0940991186,Microempresa,Moda y Estilo de Vida,Pichincha,29,Masculino,18,93,31.68,8,67,18,1,0,0.0,17.91,12,0.5975,Medio
6d3495db-c233-4a42-bc72-7e533da7c3dc,Lucía Mora,0939325339,Microempresa,Alimentación y Gastronomía,Guayas,29,Masculino,19,58,6.88,6,42,10,0,0,0.0,84.15,0,0.0467,Bajo
80cb1ef5-f037-4792-838a-6593422d21a4,Andrés Díaz,0962035236,Microempresa,Alimentación y Gastronomía,Azuay,31,Masculino,33,72,4.88,13,42,17,0,0,0.0,4.97,2,0.2883,Bajo
04fc4b9f-207a-4ed3-9a43-c35fe63ac4f6,Ana Torres,0991826275,Microempresa,Comercio Minorista,Guayas,18,Femenino,21,111,6.4,10,65,37,0,0,0.0,41.4,5,0.2569,Bajo
145484ed-2bd3-4682-8913-527ba1a2c7dd,Diego Castro,0990499277,Microempresa,Alimentación y Gastronomía,Tungurahua,26,Femenino,3,39,1.5,5,31,3,1,0,0.0106,23.91,16,0.5871,Medio
cf37c24a-af13-4eb3-94c6-3484a4bd611c,Pedro Ruiz,0991172435,Microempresa,Servicios Personales e Independientes,Pichincha,27,Femenino,34,6,27.55,0,4,1,1,0,0.0,1.14,0,0.3719,Medio
78019dfa-061f-44a5-9990-de5fa8f596d2,Juan Gómez,0905254196,Microempresa,Alimentación y Gastronomía,Cotopaxi,36,Masculino,13,43,4.74,8,32,3,0,0,0.0,13.84,2,0.0752,Bajo
449142f5-d430-4602-8555-6dd2ac95a630,Andrés Díaz,0999713199,Pequeña Empresa,Servicios Personales e Independientes,Manabí,18,Masculino,16,11,28.8,1,8,2,0,0,0.0,17.05,0,0.3174,Bajo
8318b217-8b77-49f4-8c58-e939b92c29b3,Pedro Ruiz,0955630502,Microempresa,Comercio Minorista,Manabí,19,Masculino,29,141,7.25,15,119,7,0,0,0.0,101.54,1,0.0248,Bajo
9e595ad4-38a4-4482-8531-27fdd310f5ac,Sofía Vega,0906668420,Microempresa,Alimentación y Gastronomía,Guayas,31,Femenino,13,48,2.12,8,39,1,0,0,0.0,13.84,0,0.0726,Bajo
51b59e26-2b09-486c-a944-141c85b6c89f,María Pérez,0992597855,Microempresa,Servicios Personales e Independientes,Guayas,22,Masculino,34,28,5.59,3,26,0,2,0,0.0,3.64,1,0.0896,Bajo
111ba5b4-2ce0-4fd5-b0ae-db4bab0f7162,Diego Castro,0910571070,Pequeña Empresa,Alimentación y Gastronomía,Imbabura,20,Femenino,36,117,1.5,9,84,24,0,0,0.0,1.47,6,0.2318,Bajo
621db328-44ad-43f7-a6a9-3d598514d8d0,Diego Castro,0972243684,Microempresa,Servicios Personales e Independientes,Tungurahua,34,Masculino,29,15,11.14,2,12,2,1,0,0.0,7.0,8,0.5706,Medio
231774a4-895f-4ae2-beb7-5011964e7ec0,Pedro Ruiz,0919254031,Microempresa,Comercio Minorista,Manabí,34,Masculino,15,13,9.97,2,11,0,1,0,0.0,14.49,1,0.0915,Bajo
5d57e5bc-2a5f-4e3d-9fb5-e8d684130d31,Carmen Ríos,0996038536,Mediana Empresa A,Alimentación y Gastronomía,Pichincha,37,Femenino,23,137,1.5,11,82,44,0,0,0.0,8.56,0,0.0358,Bajo
26857379-0de4-4ca7-b339-10b605df5173,Pedro Ruiz,0902069694,Microempresa,Comercio Minorista,Pichincha,35,Femenino,23,27,41.79,3,22,3,3,0,0.0,299.81,1,0.0091,Bajo
73bf7ec3-04bf-404f-9d53-303037997834,Sofía Vega,0901781502,Microempresa,Servicios Personales e Independientes,Esmeraldas,27,Femenino,26,12,21.53,2,9,0,0,0,0.0,8.23,1,0.1752,Bajo
a5be1499-4b93-4a9b-bf06-1e91a581d997,Carlos López,0976115890,Microempresa,Moda y Estilo de Vida,Pichincha,32,Masculino,1,23,18.19,2,17,4,0,0,0.0,13.94,0,0.142,Bajo
9fc2971d-4d0f-4f60-8d1b-07c6a9563a2f,Andrés Díaz,0974768692,Microempresa,Comercio Minorista,Manabí,31,Femenino,11,32,30.3,3,21,8,1,0,0.0,1.08,5,0.6518,Alto
34c66c46-5731-4a94-a455-1d8d3fcb7cfb,Juan Gómez,0977266041,Microempresa,Comercio Minorista,Azuay,22,Masculino,13,29,34.91,5,18,6,1,0,0.0,11.68,3,0.3489,Bajo
cdfbe29e-d8ee-46c6-9cdf-56459d63b7d9,Carlos López,0990838613,Microempresa,Alimentación y Gastronomía,Imbabura,20,Masculino,34,246,2.53,43,178,25,0,0,0.0,420.98,4,0.1112,Bajo
d8cf6363-c05e-4c84-be80-cda04b1fffe9,Pedro Ruiz,0967747809,Microempresa,Comercio Minorista,Pichincha,33,Femenino,36,50,22.51,3,42,5,0,0,0.0,30.58,1,0.0581,Bajo
17160d07-a085-4667-89d4-49fca1701e37,Ana Torres,0929297165,Microempresa,Comercio Minorista,Cañar,20,Masculino,34,120,9.97,7,84,29,1,0,0.0,1.2,1,0.0839,Bajo
1acd55be-d2ad-478d-bb7a-958a4665b7fc,Juan Gómez,0905137007,Microempresa,Comercio Minorista,Tungurahua,23,Femenino,8,38,10.51,6,28,4,2,0,0.0,37.99,5,0.4289,Medio
335f1c17-726d-4751-aae2-e850d2726784,Carlos López,0978713897,Microempresa,Alimentación y Gastronomía,Pichincha,31,Masculino,25,66,5.41,9,46,11,0,0,0.0,33.68,6,0.2447,Bajo
2c45b925-dd0f-425c-a1b0-28043acb9f8f,Juan Gómez,0988402128,Microempresa,Moda y Estilo de Vida,Guayas,30,Masculino,11,24,25.62,4,16,4,2,0,0.0,5.1,2,0.1115,Bajo
059852fa-3675-44a9-bf30-296e03927348,Andrés Díaz,0949192457,Microempresa,Comercio Minorista,Guayas,33,Femenino,32,33,6.74,4,23,6,0,0,0.0,59.5,2,0.0693,Bajo
9a273152-b263-437c-99d7-ae35cac25559,Ana Torres,0989984708,Microempresa,Servicios Personales e Independientes,Pichincha,35,Masculino,28,4,33.44,0,4,0,1,0,0.0,4.99,1,0.2824,Bajo
a0b93e75-00cc-4c59-9758-32e6df63ed28,Pedro Ruiz,0939003027,Microempresa,Servicios Personales e Independientes,Imbabura,31,Femenino,7,9,29.09,1,9,0,2,0,0.0,27.68,0,0.1825,Bajo
5c44166e-1fc4-4a24-82f4-8ee89d53062b,Pedro Ruiz,0969398198,Microempresa,Alimentación y Gastronomía,Tungurahua,34,Femenino,22,35,10.7,4,23,8,2,0,0.0,0.92,1,0.0785,Bajo
db2e47cd-cac5-402a-afba-4ad9c84c4327,Lucía Mora,0931436731,Microempresa,Alimentación y Gastronomía,Chimborazo,33,Femenino,36,13,5.65,2,9,2,0,0,0.0,35.95,1,0.1816,Bajo
0364418a-2727-44db-974c-219a9a6b561f,Diego Castro,0940390840,Microempresa,Servicios Personales e Independientes,Pichincha,32,Femenino,21,60,27.82,9,44,7,0,0,0.0,81.85,1,0.0937,Bajo
a63161ef-bff7-4161-86fd-874cf1e06ca2,Lucía Mora,0960030890,Microempresa,Comercio Minorista,Azuay,32,Masculino,33,104,24.14,18,78,9,0,0,0.0,7.16,7,0.5544,Medio
88e29e35-a36c-4d70-90c4-6a2f177a0242,Diego Castro,0902769154,Microempresa,Alimentación y Gastronomía,Pichincha,30,Femenino,30,181,3.99,10,115,56,1,0,0.0,12.65,2,0.1163,Bajo
9d16d5a8-56fb-4aec-b80c-f72ba4656ed9,Juan Gómez,0948105123,Microempresa,Entretenimiento y Educación,Los Ríos,28,Masculino,7,20,8.71,4,19,0,0,0,0.0061,12.73,4,0.668,Alto
1727bc32-9d00-4a7f-9cdf-6af69b0288e5,Pedro Ruiz,0941372269,Microempresa,Alimentación y Gastronomía,Cañar,26,Masculino,10,25,23.81,1,16,7,0,0,0.0,15.07,7,0.7123,Alto
d16ba596-f486-4a62-8c98-de3523df1b2c,Lucía Mora,0919448452,Microempresa,Alimentación y Gastronomía,Guayas,31,Masculino,22,40,1.6,7,26,7,0,0,0.0,29.55,2,0.1361,Bajo
fcde9097-07b0-443e-874e-191a22f3c2f2,Juan Gómez,0904754121,Microempresa,Moda y Estilo de Vida,Pichincha,29,Masculino,33,16,34.49,2,13,1,0,0,0.0,124.19,0,0.0258,Bajo
f96497c1-01b9-4e8a-9575-154039158738,Carlos López,0915346286,Microempresa,Comercio Minorista,Guayas,22,Masculino,16,50,36.16,9,38,3,2,0,0.0,0.46,4,0.5071,Medio
cd15966c-eafa-4ceb-8f91-987daed96b4b,Juan Gómez,0963934631,Microempresa,Comercio Minorista,El Oro,23,Masculino,15,130,13.65,16,104,10,0,0,0.0,1.17,0,0.0665,Bajo
c2d5b2f0-566b-464b-b02e-5265857defe5,Andrés Díaz,0942593952,Microempresa,Alimentación y Gastronomía,Pichincha,34,Masculino,27,225,4.98,18,179,28,0,0,0.0,4.61,1,0.0398,Bajo
49c574ae-e17f-4bc1-819c-03bda56fe5b4,Sofía Vega,0994934143,Microempresa,Servicios Personales e Independientes,Esmeraldas,31,Masculino,23,18,35.28,3,16,0,0,0,0.0,16.71,5,0.5325,Medio
57bc557f-de40-4a1c-b788-67ee35c41d53,Sofía Vega,0970353341,Microempresa,Alimentación y Gastronomía,Guayas,24,Femenino,17,67,2.32,5,50,12,1,0,0.0,7.85,2,0.1237,Bajo
82aefdd7-0b95-46ba-b246-d00113114deb,Pedro Ruiz,0933728616,Microempresa,Comercio Minorista,El Oro,23,Femenino,30,107,5.83,16,72,20,2,0,0.0,16.83,2,0.0859,Bajo
e7506d12-af33-4dd4-8acc-cb378eddebce,Sofía Vega,0907202890,Microempresa,Alimentación y Gastronomía,Manabí,28,Masculino,11,32,6.82,5,19,8,1,0,0.0,1.54,7,0.6001,Medio
325198c1-5c85-446b-94b1-058e208b4322,Lucía Mora,0960669794,Microempresa,Servicios Personales e Independientes,Imbabura,29,Femenino,21,4,14.29,0,3,0,0,0,0.0,0.8,2,0.2398,Bajo
1ad78bbf-4426-45f5-9cf4-1df157fc3fec,Juan Gómez,0900123763,Microempresa,Moda y Estilo de Vida,Manabí,32,Masculino,1,28,14.37,5,20,4,3,0,0.0,50.04,5,0.6875,Alto
1996d00e-9721-4cd4-9990-096a4e2b6713,Lucía Mora,0986366388,Microempresa,Servicios Personales e Independientes,Guayas,26,Femenino,29,5,22.69,1,4,0,1,0,0.0,18.84,0,0.2762,Bajo
3b61e7ea-674d-4bdf-bf83-ac01d0e38f63,Carmen Ríos,0994154933,Microempresa,Comercio Minorista,Chimborazo,25,Femenino,27,190,5.83,14,127,48,0,0,0.0,7.77,2,0.0928,Bajo
fd84d2f2-4dde-4cdf-996e-8f585c1a4f1e,Juan Gómez,0926493813,Microempresa,Alimentación y Gastronomía,Pichincha,23,Masculino,12,78,2.7,14,53,11,0,0,0.0,7.16,2,0.0262,Bajo
0d5a047b-bc40-43d1-85d8-a3e90d8b0ee6,Carmen Ríos,0990552792,Microempresa,Alimentación y Gastronomía,Orellana,33,Masculino,9,22,7.36,3,16,4,0,0,0.0,1.78,1,0.0819,Bajo
7cf789a0-760b-47bb-999f-343f33b8fea5,Carlos López,0986735992,Microempresa,Alimentación y Gastronomía,Imbabura,29,Masculino,30,52,5.36,4,41,7,0,0,0.0,13.05,1,0.1252,Bajo
ddcc54a8-5932-48b7-8234-a5657142e745,Andrés Díaz,0969626963,Microempresa,Alimentación y Gastronomía,Pichincha,24,Masculino,14,126,2.63,20,86,21,3,0,0.0,3.29,8,0.5195,Medio
04e2d246-91d9-4399-85a1-86871593deb6,Diego Castro,0908716329,Microempresa,Moda y Estilo de Vida,Guayas,28,Femenino,20,17,21.56,1,10,6,0,0,0.0,5.18,1,0.0816,Bajo
a5edb838-e3ad-49d0-8c95-a4eb1e3bd05c,Andrés Díaz,0930428612,Microempresa,Alimentación y Gastronomía,Guayas,29,Femenino,34,120,4.72,17,82,21,0,0,0.0,7.05,4,0.2499,Bajo
c8f2ead7-8ce3-45f7-9532-f545c71146db,Carmen Ríos,0947185824,Microempresa,Alimentación y Gastronomía,Pichincha,29,Femenino,32,50,3.43,8,30,12,2,0,0.0118,1.5,2,0.2668,Bajo
332e6fd7-d2e9-4d32-bcbc-d5e2fa3463ea,Juan Gómez,0975119750,Microempresa,Alimentación y Gastronomía,Pichincha,31,Masculino,32,92,5.84,18,75,0,0,0,0.0,20.66,0,0.066,Bajo
0462b557-0298-42a0-82b8-1be0b359d072,Sofía Vega,0982165878,Microempresa,Comercio Minorista,Guayas,22,Masculino,29,161,13.36,14,128,19,0,0,0.0,105.25,0,0.0268,Bajo
f4584275-0c82-4837-aa92-1a454cf7f4ce,Ana Torres,0982214179,Microempresa,Moda y Estilo de Vida,Santo Domingo,24,Femenino,15,9,11.94,2,7,0,2,0,0.0,8.82,10,0.7186,Alto
69c268cd-572c-456e-bed5-62ebbd04b0c8,Andrés Díaz,0942151808,Microempresa,Comercio Minorista,Pichincha,23,Masculino,13,56,7.76,10,44,2,0,0,0.0,78.39,0,0.086,Bajo
64f10919-91e6-4fef-a267-8c8811dc28fb,María Pérez,0937038155,Microempresa,Moda y Estilo de Vida,Guayas,21,Femenino,23,28,72.63,5,18,5,2,0,0.0,66.73,0,0.0491,Bajo
039bb0cf-1fb2-4dd6-8336-b5aa74a515bf,Diego Castro,0919818506,Pequeña Empresa,Servicios Personales e Independientes,Manabí,38,Femenino,11,28,24.42,1,21,6,0,0,0.0,5.07,1,0.0919,Bajo
7a268525-a0c7-42da-80e4-3d5bb9ee152e,Lucía Mora,0990577843,Microempresa,Entretenimiento y Educación,Pichincha,29,Femenino,24,36,23.0,3,29,3,0,0,0.0134,3.17,8,0.7103,Alto
f99b21f3-2957-44c6-ba69-0c9d9f682009,Diego Castro,0971639945,Microempresa,Servicios Personales e Independientes,Pichincha,29,Masculino,28,30,4.41,3,27,0,0,0,0.0017,5.95,0,0.1473,Bajo
34971a80-06d4-4dda-b196-bd8e398e8f7f,Andrés Díaz,0971139520,Microempresa,Moda y Estilo de Vida,Guayas,30,Femenino,7,7,7.55,1,5,1,0,0,0.0,13.63,0,0.1574,Bajo
6cd18338-dcfc-40b0-9738-d31744f4abf5,Lucía Mora,0927794271,Microempresa,Servicios Personales e Independientes,Pichincha,26,Masculino,1,30,28.42,4,24,2,1,1,0.0,34.3,14,0.8761,Alto
ceb239cf-b5a0-4893-b806-5000cbe31b08,Lucía Mora,0965615514,Microempresa,Comercio Minorista,Pichincha,29,Femenino,14,70,11.08,11,54,5,0,0,0.0,0.86,2,0.0676,Bajo
ca6e4e6c-ec8b-4378-aa1a-511906bb861b,Ana Torres,0935324782,Microempresa,Comercio Minorista,Pichincha,30,Femenino,3,26,14.33,5,22,0,4,1,0.0,72.6,2,0.3201,Bajo
e7d64553-80c0-4c32-8c08-53b23ff9b13e,María Pérez,0928846963,Pequeña Empresa,Servicios Personales e Independientes,Pichincha,18,Masculino,27,78,8.45,12,56,10,2,0,0.0,6.96,1,0.082,Bajo
ae1638ad-4e78-46ee-8072-70f3bdea95a6,María Pérez,0968745702,Microempresa,Servicios Personales e Independientes,Zamora Chinchipe,29,Masculino,7,17,35.13,2,13,2,1,0,0.0,2.68,7,0.5602,Medio
9e58e90f-7aa0-4fb4-882b-df33d645cdfa,Ana Torres,0963675049,Microempresa,Moda y Estilo de Vida,Guayas,31,Masculino,30,23,21.6,4,15,4,1,0,0.0,22.61,1,0.1091,Bajo
58706523-17aa-49e5-85a6-dc2c105f3fae,Ana Torres,0939283622,Microempresa,Alimentación y Gastronomía,Pichincha,24,Masculino,35,34,19.14,3,27,4,1,0,0.0,25.41,0,0.0687,Bajo
82737c3f-1c0e-405b-863a-be62eca403b5,Diego Castro,0992430110,Microempresa,Comercio Minorista,Manabí,18,Femenino,28,53,6.02,8,38,7,0,0,0.0,18.17,6,0.3334,Bajo
9ba74122-63db-42f1-8b6f-e0f676141781,Juan Gómez,0954538369,Microempresa,Moda y Estilo de Vida,Pastaza,23,Femenino,31,29,48.66,6,19,4,1,0,0.0,21.43,2,0.1585,Bajo
c35ca795-decc-47b1-a216-e5c4677e040b,Ana Torres,0942028260,Microempresa,Servicios Personales e Independientes,El Oro,28,Femenino,28,61,48.07,6,55,1,1,0,0.0,59.35,0,0.0461,Bajo
1ddfcc74-a310-4bed-a5e7-68bcb261e532,Diego Castro,0922460759,Microempresa,Alimentación y Gastronomía,Tungurahua,29,Masculino,5,34,4.74,5,22,6,0,0,0.0,4.83,6,0.2991,Bajo
59bd29fc-8769-4581-9641-e0b820b70e9c,Ana Torres,0922510355,Microempresa,Alimentación y Gastronomía,Cotopaxi,18,Masculino,1,55,1.79,5,41,9,1,0,0.0,6.72,5,0.4477,Medio
a382d8f5-9e47-4cac-8303-6015d3c28cab,Lucía Mora,0926758801,Microempresa,Servicios Personales e Independientes,Tungurahua,24,Masculino,3,4,23.65,0,3,0,0,0,0.0,61.63,10,0.6473,Medio
4dea7507-f81d-4f6b-82e6-836e44c6c5d3,María Pérez,0941239933,Microempresa,Alimentación y Gastronomía,Manabí,34,Masculino,1,52,2.99,6,42,4,0,0,0.0,6.66,10,0.5989,Medio
3e8c4cf3-8dde-4264-88f1-904aad648bc8,Juan Gómez,0968137813,Microempresa,Alimentación y Gastronomía,Pichincha,32,Femenino,7,58,6.97,9,45,4,1,0,0.0,11.34,2,0.0909,Bajo
4300151f-dbbc-45f1-8db5-257f93622d11,Carlos López,0989107597,Microempresa,Servicios Personales e Independientes,Loja,24,Femenino,25,14,33.17,1,13,1,1,0,0.0,8.2,3,0.4144,Medio
bf7fa482-5de1-4595-907f-8172b00ee2f4,Carlos López,0941152745,Microempresa,Alimentación y Gastronomía,Pichincha,27,Masculino,23,44,2.85,6,26,12,0,0,0.0,1.93,1,0.0454,Bajo
d0746d64-bded-4c19-b0d1-56feab03e47d,María Pérez,0930392936,Microempresa,Servicios Personales e Independientes,Guayas,30,Masculino,18,20,25.54,3,18,0,0,0,0.0,119.65,0,0.0497,Bajo
a9165f36-9edf-46aa-9144-7e4151c637ff,Sofía Vega,0924562329,Microempresa,Comercio Minorista,Guayas,31,Masculino,19,40,6.26,5,24,11,0,0,0.0,14.72,0,0.1044,Bajo
20919838-2291-4637-a369-52b81a8d8539,Diego Castro,0921153748,Microempresa,Servicios Personales e Independientes,Cotopaxi,38,Masculino,1,5,102.06,0,5,0,1,0,0.0,33.78,2,0.3756,Medio
eba68988-d3d8-4b87-892e-bb1fc0735774,Ana Torres,0901334745,Pequeña Empresa,Comercio Minorista,Tungurahua,22,Femenino,33,110,11.35,18,86,6,0,0,0.0,3.29,1,0.0246,Bajo
5fc2d7c3-5300-4792-973e-344b221e5e06,Pedro Ruiz,0947875376,Microempresa,Alimentación y Gastronomía,Pichincha,30,Masculino,19,126,4.09,20,74,32,2,0,0.0014,40.7,0,0.1936,Bajo
284e21cc-6500-416d-9c29-8546f6e8de57,Sofía Vega,0956046911,Microempresa,Alimentación y Gastronomía,Los Ríos,26,Femenino,26,163,3.73,32,136,0,1,0,0.0,17.73,12,0.5928,Medio
2b6e8c56-594d-4f13-8314-1ee342384d76,Lucía Mora,0953795959,Microempresa,Comercio Minorista,Guayas,33,Masculino,6,35,8.83,7,28,0,0,0,0.0,3.33,4,0.3693,Medio
839ca271-4e99-439f-bd59-c93eeed20b8d,Andrés Díaz,0941755606,Microempresa,Servicios Personales e Independientes,Guayas,18,Masculino,33,23,48.02,4,22,0,0,0,0.0,2.11,3,0.3194,Bajo
5bb77771-3bdd-4c4f-93ee-05d664a94b64,Carlos López,0939563911,Microempresa,Comercio Minorista,Pichincha,21,Femenino,11,59,35.76,11,46,2,2,0,0.0,3.76,1,0.0798,Bajo
60037b28-80ae-43bd-81c2-7f73085b7c02,Juan Gómez,0969872397,Microempresa,Alimentación y Gastronomía,Guayas,33,Masculino,17,231,1.5,16,150,64,1,0,0.0,104.11,1,0.023,Bajo
a5ef8ead-910c-44ba-a264-9798d2f6effa,Andrés Díaz,0942397250,Microempresa,Comercio Minorista,El Oro,24,Femenino,16,161,10.05,23,104,35,0,0,0.0,25.54,3,0.1611,Bajo
fa9a87f5-f68c-4d97-9c88-571ed65f8cf0,Diego Castro,0965112098,Mediana Empresa A,Comercio Minorista,Pichincha,29,Femenino,19,33,21.66,5,21,7,0,0,0.0,6.13,0,0.0452,Bajo
6d1ab0a2-a831-42be-bd5f-1be2001fa260,Carmen Ríos,0957999333,Microempresa,Comercio Minorista,Pichincha,27,Femenino,26,41,15.16,6,33,2,0,0,0.0,27.11,1,0.0535,Bajo
b05175f8-87e6-4d17-9c57-fb68fafd6c3d,Diego Castro,0989868360,Pequeña Empresa,Servicios Personales e Independientes,Pichincha,32,Masculino,12,5,53.97,1,5,0,1,0,0.0,11.68,1,0.2298,Bajo
3d767b5b-6ccf-4c50-9c4c-46ca87d557aa,Lucía Mora,0928748628,Microempresa,Servicios Personales e Independientes,Pichincha,34,Masculino,7,106,34.37,9,77,20,0,0,0.0142,10.71,4,0.602,Medio
e3c497e7-7ce9-4be6-a4f6-1faa990179ef,Pedro Ruiz,0924176152,Microempresa,Entretenimiento y Educación,Pichincha,31,Masculino,14,7,29.34,1,6,1,0,0,0.0,5.39,0,0.2151,Bajo
92d26960-0023-46fa-8e26-b206da663a33,Juan Gómez,0917841458,Microempresa,Comercio Minorista,Guayas,25,Masculino,6,142,8.26,9,119,14,1,0,0.0,40.88,3,0.265,Bajo
94331a8f-c33d-4a21-8aa6-b8c1cd2760e3,Carmen Ríos,0974453681,Microempresa,Alimentación y Gastronomía,Manabí,18,Masculino,20,76,9.88,6,52,18,1,0,0.0,26.65,4,0.2998,Bajo
1084aaf3-c474-44a2-88ed-51b283881e21,Juan Gómez,0980093145,Microempresa,Comercio Minorista,Pichincha,33,Femenino,12,59,20.74,12,40,7,0,0,0.0,15.99,1,0.0545,Bajo
2247ab20-6798-4026-9c7e-1583de1574d5,Sofía Vega,0965107831,Mediana Empresa A,Comercio Minorista,Cañar,33,Masculino,30,15,3.03,2,11,1,0,0,0.0,34.73,1,0.1175,Bajo
e4e13558-37b6-443e-aa00-955c7c797c6c,Carmen Ríos,0986406433,Microempresa,Servicios Personales e Independientes,Azuay,21,Femenino,12,25,7.13,4,23,0,0,0,0.0,47.22,3,0.2733,Bajo
a572c55a-f240-4c59-a3ec-55b0a31d89d4,Lucía Mora,0952288782,Microempresa,Comercio Minorista,Manabí,36,Masculino,24,33,7.05,5,20,8,1,0,0.0,43.32,3,0.2606,Bajo
1ea97508-286d-470d-a005-c0a673881e2a,Juan Gómez,0964996285,Microempresa,Comercio Minorista,Chimborazo,39,Masculino,24,21,19.0,2,17,2,0,0,0.0,2.73,7,0.6887,Alto
6cca4ddc-d7c1-49fd-abd1-e5009ea52e84,Sofía Vega,0903851191,Microempresa,Alimentación y Gastronomía,Guayas,33,Masculino,15,234,7.04,42,140,52,0,0,0.0,15.74,0,0.0532,Bajo
61c24dab-6a9f-4a83-8d82-c1467d6f0c51,Sofía Vega,0991508397,Microempresa,Alimentación y Gastronomía,El Oro,30,Femenino,4,52,1.5,7,33,12,0,0,0.0,2.64,8,0.5241,Medio
b72fcd2c-3ae1-49ec-b296-de6513d53d21,Sofía Vega,0952804297,Microempresa,Servicios Personales e Independientes,Manabí,27,Masculino,23,5,1.84,1,5,0,2,0,0.0,44.87,5,0.4649,Medio
3b354984-ad86-4ae2-b6c5-eaf804f17d4f,Juan Gómez,0949663050,Microempresa,Comercio Minorista,Pichincha,31,Masculino,26,55,19.24,6,44,5,0,0,0.0,1.93,4,0.3325,Bajo
ccca4c86-fcc1-4ebe-8acf-26412ce3624d,Sofía Vega,0981927244,Microempresa,Alimentación y Gastronomía,Pichincha,23,Masculino,16,28,7.64,4,17,7,0,0,0.0,1.24,2,0.0731,Bajo
5c74ff31-aac8-4886-934b-7289d7ea0b51,Andrés Díaz,0923171356,Microempresa,Moda y Estilo de Vida,Guayas,19,Masculino,7,12,102.32,2,9,1,0,0,0.0,0.87,0,0.2294,Bajo
ffb552b5-2724-405c-8210-8e0089d8b323,Sofía Vega,0998959501,Microempresa,Comercio Minorista,Guayas,35,Femenino,19,29,31.66,5,17,7,0,0,0.0,3.36,2,0.1189,Bajo
b313af6f-5202-4c70-ac52-f3d2de969efb,Carmen Ríos,0988703761,Microempresa,Alimentación y Gastronomía,Pichincha,24,Femenino,32,150,1.5,22,127,1,1,0,0.0,6.36,1,0.0529,Bajo
aca72e1f-68a2-4feb-baed-34a29e1dd938,Carmen Ríos,0945883576,Microempresa,Moda y Estilo de Vida,Pichincha,21,Femenino,8,14,39.85,2,10,2,0,0,0.0,8.9,3,0.4422,Medio
75901e5e-073f-44fa-a7f8-6298b8fe0e44,Pedro Ruiz,0928476150,Microempresa,Comercio Minorista,Orellana,37,Masculino,25,58,10.46,7,43,8,1,0,0.0,13.66,4,0.5153,Medio
d4985023-ca7f-4fb9-95fd-fba58badd175,Andrés Díaz,0928679248,Microempresa,Comercio Minorista,Guayas,24,Masculino,17,62,7.45,10,47,5,1,0,0.0,90.8,1,0.0941,Bajo
c77ba620-94c3-40e5-b88b-a385489f297e,Sofía Vega,0924176490,Microempresa,Alimentación y Gastronomía,Imbabura,35,Femenino,28,22,6.42,2,13,7,2,0,0.0,0.64,2,0.1184,Bajo
fdd0afa4-ad84-4cb0-9ffc-2416f764b0a1,Carmen Ríos,0969330230,Pequeña Empresa,Alimentación y Gastronomía,Esmeraldas,26,Femenino,22,49,4.62,9,31,10,0,0,0.0,5.27,2,0.159,Bajo
362b8ddb-98e4-4786-897b-26fc773ed1f7,Sofía Vega,0992457798,Microempresa,Alimentación y Gastronomía,Zamora Chinchipe,25,Femenino,9,39,6.56,7,28,4,0,0,0.0,2.16,1,0.0428,Bajo
f7c3b160-a740-48fb-88ad-19b54a9c5d52,María Pérez,0913376085,Microempresa,Servicios Personales e Independientes,Azuay,28,Masculino,29,33,17.75,6,27,0,0,0,0.0081,32.37,10,0.8636,Alto
7772f72a-7c86-4ec4-8188-1c176e6588ac,Sofía Vega,0920622180,Microempresa,Alimentación y Gastronomía,El Oro,28,Femenino,20,99,2.29,11,73,15,2,0,0.0,4.27,4,0.3516,Medio
9119dce5-cbb4-40e3-836a-6aa8c9f927fc,Carlos López,0910121086,Microempresa,Entretenimiento y Educación,Pichincha,19,Masculino,15,8,31.85,1,8,0,2,0,0.0,21.01,4,0.6772,Alto
335ee2ca-caa6-4b98-b375-23db095dd5d8,Sofía Vega,0904694734,Microempresa,Moda y Estilo de Vida,Esmeraldas,28,Masculino,24,9,54.91,1,8,1,0,0,0.0,2.7,3,0.7294,Alto
ce9b819d-031d-47aa-a793-5dbefc2a1241,Ana Torres,0925224367,Microempresa,Moda y Estilo de Vida,Manabí,25,Masculino,16,101,8.27,17,64,19,0,0,0.0,40.92,0,0.0508,Bajo
47f654de-e4cd-47dd-8a6d-7452abcf46ea,María Pérez,0996400142,Microempresa,Moda y Estilo de Vida,Los Ríos,31,Femenino,2,12,21.86,1,8,3,2,0,0.0,12.61,2,0.2694,Bajo
2473696f-ebdd-4f00-ba8e-af440682871e,Lucía Mora,0994010249,Microempresa,Alimentación y Gastronomía,Pichincha,40,Femenino,30,85,5.33,15,52,18,1,0,0.0,14.36,0,0.0523,Bajo
1d06c617-1df3-4a96-8cca-936fb4edffe8,Sofía Vega,0993727815,Microempresa,Alimentación y Gastronomía,Pichincha,27,Masculino,12,43,10.4,5,31,7,0,0,0.0,0.71,1,0.0535,Bajo
fa691ed5-30ba-4453-8177-7d976637a30c,Carlos López,0992742256,Microempresa,Servicios Personales e Independientes,Pichincha,26,Femenino,22,327,2.37,17,301,8,0,0,0.0,978.45,4,0.1568,Bajo
4f97b9a5-ca68-40c2-b6ea-627aee398468,Diego Castro,0982840897,Microempresa,Comercio Minorista,Guayas,32,Femenino,29,15,6.1,3,11,1,0,0,0.0,365.98,7,0.1559,Bajo
9d214245-c5fc-40de-be6a-04dfab6d1049,Diego Castro,0984475094,Microempresa,Comercio Minorista,Guayas,34,Masculino,29,41,8.02,5,24,12,1,0,0.0,42.83,4,0.3911,Medio
30073b9b-d5a7-42ed-b216-56cc997e1c3d,Lucía Mora,0929825794,Microempresa,Comercio Minorista,Guayas,35,Femenino,30,72,9.73,14,48,9,0,0,0.0,0.53,0,0.1078,Bajo
c379a8a7-5b87-4f1f-95c8-49a8a669cca2,Carlos López,0989653238,Microempresa,Comercio Minorista,Manabí,26,Femenino,21,82,43.32,14,67,1,2,0,0.0,55.44,2,0.0933,Bajo
eaa0cdc5-9448-4345-b075-5f7857a0466b,Ana Torres,0997926015,Microempresa,Comercio Minorista,Imbabura,28,Femenino,29,81,27.97,7,48,26,1,0,0.0,8.79,2,0.1736,Bajo
8c5b5194-36f7-46a9-ae64-ed2bd5a1e337,Juan Gómez,0980375951,Pequeña Empresa,Servicios Personales e Independientes,Azuay,28,Masculino,22,7,36.75,1,6,0,0,0,0.0,6.94,8,0.7995,Alto
ce9e4942-e210-4898-913e-557724f9fe8c,María Pérez,0972003563,Microempresa,Moda y Estilo de Vida,Guayas,27,Femenino,23,37,10.01,5,31,0,1,0,0.0,22.43,1,0.1069,Bajo
d63ef198-a66c-43df-9fc8-ae93778f3eb6,Andrés Díaz,0989927710,Microempresa,Alimentación y Gastronomía,Guayas,25,Masculino,10,43,10.85,6,25,12,1,0,0.0,167.07,3,0.094,Bajo
c0b340c7-29d2-4cc2-ab26-26750491bb62,Diego Castro,0985882596,Microempresa,Alimentación y Gastronomía,Esmeraldas,26,Femenino,14,38,1.86,3,24,12,0,0,0.0,5.57,6,0.3028,Bajo
fac1d66c-6ac1-4d98-90c2-8172b5726622,Andrés Díaz,0946237741,Microempresa,Comercio Minorista,Pichincha,23,Masculino,25,32,18.68,2,26,5,1,0,0.0,44.93,5,0.4818,Medio
5f7ecc28-d7d6-4cf2-af14-a20f4be5b585,Carlos López,0957969419,Microempresa,Alimentación y Gastronomía,Morona Santiago,28,Masculino,31,107,1.5,17,81,9,0,0,0.0,118.5,1,0.044,Bajo
a7684c4c-5040-4d70-b9ad-21ace786c24a,María Pérez,0945442157,Microempresa,Servicios Personales e Independientes,Guayas,18,Femenino,5,12,29.23,1,10,1,2,0,0.0,19.47,5,0.6222,Medio
78d4dda0-4ee5-4da5-948d-4e7209671d94,Juan Gómez,0930992392,Microempresa,Alimentación y Gastronomía,Tungurahua,32,Femenino,34,243,4.76,25,206,12,0,0,0.0,4.95,10,0.4466,Medio
a5310c27-8b8b-43f1-9234-1728c9685bc3,Carmen Ríos,0900155155,Pequeña Empresa,Comercio Minorista,Pichincha,23,Masculino,23,28,10.49,3,22,2,1,0,0.0,84.59,2,0.0539,Bajo
ce9b7f6b-bd3c-4229-a2cf-5345fcc96e2e,Ana Torres,0980467738,Microempresa,Alimentación y Gastronomía,Manabí,23,Femenino,36,160,4.97,24,121,15,1,0,0.0,6.33,4,0.2581,Bajo
79730783-1803-40cd-9659-a11455f7de54,Juan Gómez,0938716684,Microempresa,Comercio Minorista,Tungurahua,18,Femenino,11,24,16.0,4,15,5,1,0,0.0,3.76,2,0.0718,Bajo
eac063dd-0aeb-418b-bc3f-ef4195952ddb,Ana Torres,0933801175,Microempresa,Moda y Estilo de Vida,Tungurahua,35,Masculino,8,12,16.1,1,9,2,0,0,0.0,12.1,3,0.3621,Medio
4592baec-d038-4fcd-af3f-5d4d62d963f0,Pedro Ruiz,0958796720,Microempresa,Entretenimiento y Educación,Loja,24,Masculino,29,7,41.54,1,5,1,0,0,0.0,4.25,1,0.3633,Medio
846fefc3-abdc-433a-b8b6-d4930e5ba9de,Carlos López,0928421930,Microempresa,Entretenimiento y Educación,Pichincha,31,Femenino,18,23,9.3,4,18,1,1,0,0.0,32.05,2,0.0711,Bajo
2b7c5488-afa5-486c-a1ec-f17b23d853e9,Lucía Mora,0950014785,Microempresa,Comercio Minorista,Tungurahua,41,Masculino,36,294,1.5,26,218,50,1,0,0.001,13.06,3,0.2564,Bajo
b3f58229-fd08-466c-8611-6db4b0c7abd8,Carlos López,0980282675,Microempresa,Entretenimiento y Educación,El Oro,25,Masculino,21,6,26.28,1,5,0,0,0,0.0,5.3,0,0.2587,Bajo
d9246399-8fb0-4807-8079-ed9c5d600655,Carlos López,0927152663,Microempresa,Alimentación y Gastronomía,Loja,37,Masculino,27,47,3.16,5,39,3,1,0,0.0,4.45,1,0.1029,Bajo
941c646e-7451-4065-8eb8-efcc8ff79588,Ana Torres,0936416040,Microempresa,Alimentación y Gastronomía,Guayas,24,Femenino,23,96,1.5,10,76,10,0,0,0.0,62.27,5,0.1344,Bajo
488ef89a-cc6c-457d-bd7c-fa2afa7c94ad,Carlos López,0974506612,Microempresa,Comercio Minorista,Azuay,31,Masculino,23,24,12.83,2,16,6,0,0,0.0,6.77,7,0.7419,Alto
2c7b6c6c-c867-46d5-8371-4836820596ff,Ana Torres,0942850502,Microempresa,Comercio Minorista,Guayas,32,Masculino,26,77,8.05,7,59,11,1,0,0.0,5.48,1,0.126,Bajo
cf5c4a83-3ddf-4320-8aa0-3fc92d26e5f1,Ana Torres,0977912571,Microempresa,Alimentación y Gastronomía,Los Ríos,40,Femenino,5,29,4.95,4,19,6,0,0,0.0,71.78,0,0.043,Bajo
483e888d-06c9-4860-8e8c-bd5ad3c1b9ea,Carmen Ríos,0921284020,Microempresa,Moda y Estilo de Vida,Pichincha,33,Femenino,29,10,11.23,1,7,2,1,0,0.0086,20.1,1,0.2106,Bajo
5328ccf5-db79-4b6d-a194-038cdc48948f,Ana Torres,0969920306,Microempresa,Comercio Minorista,Cañar,32,Masculino,1,70,11.52,7,54,9,0,0,0.0,2.64,12,0.8029,Alto
a3fb4fe0-8a8e-4227-8aff-07352099667a,Ana Torres,0920052935,Microempresa,Comercio Minorista,Esmeraldas,29,Masculino,4,205,9.44,33,161,11,1,0,0.0012,0.12,4,0.4375,Medio
e278f93c-27cf-47e5-bfd1-72ff0bd39a66,Andrés Díaz,0970465640,Microempresa,Alimentación y Gastronomía,Guayas,35,Femenino,34,177,4.56,25,116,35,0,0,0.0,6.77,0,0.0895,Bajo
21c6202c-ba66-4bbc-884a-55e27b2a03b0,Carlos López,0984157592,Microempresa,Comercio Minorista,Pichincha,27,Femenino,27,94,13.24,18,57,20,0,0,0.0,42.36,0,0.0517,Bajo
39201f93-3dfb-4371-a34d-37521c115c76,Juan Gómez,0935057417,Microempresa,Alimentación y Gastronomía,Loja,38,Femenino,3,137,3.84,23,107,7,0,0,0.0,8.41,8,0.5297,Medio
7b599f10-24bf-4abf-8902-18e33bce5c50,Sofía Vega,0922641963,Microempresa,Entretenimiento y Educación,Imbabura,34,Femenino,14,17,27.32,2,14,0,0,0,0.0,19.8,7,0.7437,Alto
1b1cdf99-9896-4448-8d6d-9f2b8ad99fef,Pedro Ruiz,0976847434,Microempresa,Comercio Minorista,Guayas,18,Masculino,24,13,33.25,1,9,2,0,0,0.0,11.98,8,0.8275,Alto
b2252cdf-c192-4aa5-af43-3f6ce49379ee,Sofía Vega,0936152233,Microempresa,Moda y Estilo de Vida,Azuay,30,Femenino,19,27,34.89,2,20,5,2,0,0.0,94.0,2,0.0872,Bajo
cc87674b-2a01-4459-9c9c-62cbbc13f8b8,Lucía Mora,0943824214,Microempresa,Alimentación y Gastronomía,Guayas,33,Femenino,27,150,1.84,9,102,39,1,0,0.0,7.92,0,0.0675,Bajo
629fa84c-8d5a-4168-89cc-49c1371439a6,Lucía Mora,0948315692,Microempresa,Moda y Estilo de Vida,Manabí,33,Femenino,31,16,7.82,3,10,3,1,0,0.0,158.29,2,0.021,Bajo
d5ebcc1c-8543-485e-b2b5-947a406c5619,Lucía Mora,0978703036,Microempresa,Alimentación y Gastronomía,Imbabura,34,Femenino,30,48,4.52,5,41,2,0,0,0.0015,53.93,1,0.1099,Bajo
6626e1ae-85e5-40d0-963d-b87b8b7ea054,Lucía Mora,0979995101,Microempresa,Comercio Minorista,Manabí,23,Masculino,23,31,25.54,6,18,7,0,0,0.0,35.36,3,0.3185,Bajo
58397854-2728-486e-b4c6-2f2d69471c6b,Ana Torres,0934663708,Microempresa,Comercio Minorista,Orellana,24,Femenino,9,63,7.4,6,37,20,1,0,0.0,13.15,4,0.4944,Medio
9467d28d-e931-49d2-8c99-7e9d4f1344b0,Pedro Ruiz,0924752129,Microempresa,Alimentación y Gastronomía,Manabí,27,Masculino,25,106,1.5,20,72,14,1,0,0.0,31.18,0,0.1813,Bajo
54775914-23e7-4d6e-9d30-256b2bcec5ef,Carlos López,0923487045,Microempresa,Servicios Personales e Independientes,Pichincha,34,Masculino,22,21,27.48,1,15,4,0,0,0.0,5.97,2,0.074,Bajo
efd9205f-77ec-421f-9975-d6cb132bf62f,Sofía Vega,0914299380,Microempresa,Comercio Minorista,Pichincha,26,Femenino,23,85,12.07,6,61,18,1,0,0.0,63.35,3,0.1878,Bajo
3dbf9cd6-e7e1-43b1-8033-81c60a7a7b07,María Pérez,0956462362,Microempresa,Moda y Estilo de Vida,Pichincha,30,Femenino,34,36,34.97,4,25,8,0,0,0.0,26.25,0,0.038,Bajo
3c962d4a-2714-4ba9-b120-800f5cf604ec,Juan Gómez,0917280835,Pequeña Empresa,Moda y Estilo de Vida,Carchi,34,Masculino,24,62,34.22,9,40,13,0,0,0.0,60.76,2,0.1057,Bajo
39157064-4203-4153-9653-03ace44096d1,Carmen Ríos,0940695592,Microempresa,Alimentación y Gastronomía,Manabí,33,Femenino,19,52,7.32,10,39,3,1,0,0.0,1.24,2,0.0988,Bajo
85a2a9e7-4ef5-4d74-8fdb-28c0e33631e7,Carlos López,0991085255,Microempresa,Moda y Estilo de Vida,Tungurahua,28,Masculino,21,4,50.88,0,3,1,0,0,0.0,0.91,3,0.6276,Medio
97d3f859-226a-4ede-8a5e-c3e2a93a48c3,Ana Torres,0945457123,Microempresa,Entretenimiento y Educación,Cañar,19,Masculino,8,13,35.63,2,12,0,1,0,0.0,5.85,7,0.7516,Alto
e14add24-7c1d-459b-8bd1-358d4f278f2b,Diego Castro,0904877942,Microempresa,Alimentación y Gastronomía,Pichincha,27,Femenino,27,174,5.76,14,101,59,1,0,0.0,20.14,3,0.1503,Bajo
9eec58b1-ad7f-49b4-a80e-2e2d21786d90,Pedro Ruiz,0914618551,Microempresa,Comercio Minorista,Galápagos,30,Femenino,5,29,15.36,4,20,5,0,0,0.0,6.07,13,0.7047,Alto
06e7499c-4fb9-4c27-b996-5416814027ed,Lucía Mora,0988616952,Microempresa,Comercio Minorista,Cañar,35,Masculino,28,44,8.03,5,35,4,0,0,0.0,1.56,4,0.3616,Medio
889fc0ce-8c70-46bd-963f-1cf1db2ac848,Lucía Mora,0938026448,Microempresa,Comercio Minorista,Pichincha,23,Masculino,1,33,1.5,6,19,8,2,0,0.0,3.49,1,0.0808,Bajo
6fcb8beb-1b73-450e-948e-07fa00b565b4,Juan Gómez,0917076864,Microempresa,Moda y Estilo de Vida,Guayas,18,Masculino,2,14,16.1,2,9,3,2,0,0.0,136.2,2,0.0938,Bajo
a21ea26f-e2c8-4ae5-8539-769f3582cb6d,Sofía Vega,0951593950,Microempresa,Servicios Personales e Independientes,Guayas,19,Masculino,25,24,21.13,5,20,0,1,0,0.0,7.51,1,0.0921,Bajo
2cb06f19-d692-41b6-b201-3b4439cc78c5,Lucía Mora,0995225441,Microempresa,Comercio Minorista,Pichincha,30,Femenino,9,20,35.39,2,17,1,1,0,0.0,733.57,0,0.0143,Bajo
1bcfcbff-704d-408f-b3b8-1bf40870ab19,Pedro Ruiz,0976430004,Microempresa,Servicios Personales e Independientes,Esmeraldas,23,Masculino,15,24,43.34,2,18,4,1,0,0.0,3.79,3,0.4083,Medio
fb542539-0fb2-4f9c-8c9b-4289b420582a,Sofía Vega,0931912697,Microempresa,Alimentación y Gastronomía,Pichincha,31,Masculino,17,134,2.98,19,97,18,1,0,0.0,10.36,1,0.0727,Bajo
18b0d71f-68a7-42e4-9cb3-fdad336de965,Sofía Vega,0924696041,Microempresa,Alimentación y Gastronomía,Pichincha,35,Masculino,14,64,3.03,8,38,19,0,0,0.0,6.68,3,0.1303,Bajo
e0b83c5c-8eeb-43d2-ad7a-55ead267df6f,Carlos López,0994468246,Microempresa,Entretenimiento y Educación,Bolívar,30,Femenino,21,16,11.11,2,14,0,2,0,0.0,0.33,1,0.0782,Bajo
7488cfed-1fa1-4c7b-8141-0735a7b887c5,Sofía Vega,0901389404,Microempresa,Alimentación y Gastronomía,Guayas,18,Masculino,15,116,4.28,9,89,19,1,0,0.0,0.55,1,0.0896,Bajo
6eb9b561-4957-42c2-a1f8-96ca77f7d969,Carlos López,0996429061,Microempresa,Alimentación y Gastronomía,Pichincha,25,Femenino,28,28,5.64,5,22,2,0,0,0.0,40.17,4,0.3105,Bajo
01a29df0-99ba-42e8-8f80-8b96c9ef28df,Pedro Ruiz,0934202305,Microempresa,Comercio Minorista,Los Ríos,29,Masculino,36,29,25.48,2,24,3,0,0,0.0,177.82,6,0.2698,Bajo
5546fff5-1105-4385-b4b0-62c6c40216ec,Andrés Díaz,0973335389,Microempresa,Alimentación y Gastronomía,Azuay,34,Masculino,16,45,8.62,2,36,7,1,0,0.0,3.2,0,0.1037,Bajo
fc6bdea6-4f62-4603-9eb5-5cbbdc405f6b,Carmen Ríos,0952280048,Microempresa,Comercio Minorista,Azuay,25,Femenino,1,45,17.25,5,36,3,0,0,0.0,6.62,1,0.1609,Bajo
261a06a6-6301-420c-a830-2eff2aa2afae,María Pérez,0933400472,Microempresa,Servicios Personales e Independientes,El Oro,38,Femenino,7,44,15.53,4,32,8,0,0,0.0,7.5,2,0.1439,Bajo
9d6741ab-05bb-4816-bac5-d7158eafc3d5,Lucía Mora,0941560020,Microempresa,Servicios Personales e Independientes,Guayas,32,Femenino,29,90,11.01,12,85,0,0,0,0.0,5.85,4,0.2287,Bajo
a21e2bbc-9078-492a-b9ef-992a3733d57f,María Pérez,0994262009,Microempresa,Moda y Estilo de Vida,Esmeraldas,22,Masculino,33,13,81.22,1,9,3,0,0,0.0,13.07,1,0.2065,Bajo
c5569b3d-fae4-49ad-922f-156a9f064c13,Carlos López,0960588327,Microempresa,Servicios Personales e Independientes,Pichincha,21,Masculino,15,3,16.49,0,2,0,0,0,0.0,39.28,0,0.24,Bajo
772351e8-0604-438e-91df-340c1ff50382,Diego Castro,0958854834,Microempresa,Alimentación y Gastronomía,Pichincha,24,Femenino,30,129,2.56,24,89,17,0,0,0.0,12.28,2,0.0559,Bajo
b55b399d-485d-4e40-bc93-cbf6447c7acc,Lucía Mora,0969384698,Microempresa,Comercio Minorista,Pichincha,27,Masculino,20,61,20.51,11,43,6,3,1,0.0173,5.46,1,0.6792,Alto
b9a8de9c-5b61-4dc8-9eab-4b685d34efd1,Carlos López,0990348924,Microempresa,Alimentación y Gastronomía,Azuay,29,Masculino,32,145,1.76,16,90,39,0,0,0.0,1.58,1,0.151,Bajo
cca1953e-e948-432c-87b1-b22eb0d18180,Juan Gómez,0908691413,Microempresa,Comercio Minorista,Guayas,30,Femenino,33,91,12.07,6,64,21,1,0,0.0,29.97,4,0.3239,Bajo
cabd2fb6-d3f2-46e7-8ae3-efceaaa184be,Lucía Mora,0983889976,Microempresa,Servicios Personales e Independientes,Pichincha,21,Femenino,14,58,79.66,11,51,0,0,0,0.0,33.25,5,0.3695,Medio
97a8091f-735b-40c6-9be2-65fa9e25a24d,Lucía Mora,0929040397,Microempresa,Servicios Personales e Independientes,Pichincha,26,Femenino,7,18,42.75,1,14,3,0,0,0.0,51.81,2,0.1043,Bajo
c4f5501c-edcb-4f69-b770-96000bbccee1,Lucía Mora,0916807343,Microempresa,Comercio Minorista,Pichincha,35,Femenino,33,347,1.5,26,214,108,0,0,0.0,17.99,1,0.0437,Bajo
d6cd0484-9896-4630-af4b-3a68fe4b3bc8,Carmen Ríos,0926007346,Microempresa,Alimentación y Gastronomía,El Oro,38,Masculino,12,254,5.05,17,197,40,1,0,0.0,47.75,0,0.0915,Bajo
437a47b5-0296-411b-a882-c1c484709856,Lucía Mora,0912807813,Microempresa,Comercio Minorista,Pichincha,37,Femenino,18,66,8.21,4,44,18,0,0,0.0,13.5,5,0.3961,Medio
1a008abc-d744-4578-a276-0836e0d467e3,Pedro Ruiz,0988847586,Microempresa,Comercio Minorista,El Oro,36,Femenino,30,45,14.25,7,30,8,0,0,0.0,1.4,13,0.5925,Medio
8f566b98-6fc8-4870-ade0-39b1f4be6900,Lucía Mora,0989019440,Microempresa,Alimentación y Gastronomía,Azuay,30,Femenino,16,99,2.45,10,82,7,0,0,0.0,8.47,1,0.0709,Bajo
db8011dd-827b-4578-802f-73e9080d1c08,Pedro Ruiz,0994938850,Microempresa,Alimentación y Gastronomía,Pichincha,27,Femenino,31,32,5.3,3,24,5,0,0,0.0,3.44,0,0.0489,Bajo
e9271289-d4af-40c7-9ca0-326b53108d52,Diego Castro,0906849507,Microempresa,Comercio Minorista,Cañar,24,Masculino,30,195,12.1,36,128,31,0,0,0.0,22.89,2,0.1732,Bajo
5b0dc8b4-6380-49a4-802c-931761a59c05,Juan Gómez,0930566191,Microempresa,Comercio Minorista,Guayas,31,Femenino,2,10,42.62,2,8,0,1,0,0.0407,227.27,0,0.1757,Bajo
6140ee72-2b5d-4976-849e-167c94ffd82e,Carmen Ríos,0961135206,Microempresa,Comercio Minorista,Pichincha,25,Femenino,27,114,10.49,12,87,15,1,0,0.0,129.46,1,0.0708,Bajo
7c1b3147-5648-4b53-bae4-fcbe03ced33c,Ana Torres,0925641376,Microempresa,Comercio Minorista,Manabí,30,Masculino,20,105,14.82,6,84,16,0,0,0.0,9.19,7,0.6363,Medio
b8399929-c059-496a-9a54-7b7acadde316,Pedro Ruiz,0971123785,Microempresa,Moda y Estilo de Vida,Manabí,42,Femenino,35,19,13.8,2,13,4,0,0,0.0,1.22,2,0.1558,Bajo
d8907051-af3c-4606-8779-bf010c0704e3,Andrés Díaz,0930465068,Pequeña Empresa,Comercio Minorista,Imbabura,24,Masculino,20,27,18.62,3,16,8,0,0,0.0,2.33,0,0.1268,Bajo
a13edda5-a84d-4694-af7c-c56397337302,María Pérez,0905023379,Microempresa,Moda y Estilo de Vida,Loja,18,Femenino,15,28,51.03,4,23,1,0,0,0.0,47.11,1,0.0477,Bajo
de3f4419-f368-44b7-b954-4fb66765892b,María Pérez,0950178730,Microempresa,Alimentación y Gastronomía,Guayas,27,Masculino,33,41,3.65,5,34,2,2,0,0.0053,13.66,1,0.1446,Bajo
b54bc0c8-5a8f-47a9-b432-b01160d2ca51,Sofía Vega,0985689499,Microempresa,Alimentación y Gastronomía,Azuay,26,Masculino,4,119,4.7,10,81,27,0,0,0.0,17.49,2,0.1611,Bajo
ae59bee4-dc5d-4e5b-b0aa-2c4c2269003e,María Pérez,0966370983,Microempresa,Comercio Minorista,Guayas,31,Femenino,6,21,35.88,2,15,4,0,0,0.0,34.16,6,0.5791,Medio
7f5195a3-d89a-4fc6-b045-9e0848afe3e5,María Pérez,0901457325,Microempresa,Alimentación y Gastronomía,Guayas,22,Femenino,2,112,7.85,17,94,1,4,0,0.0,4.48,1,0.156,Bajo
2bf75f3a-6154-411b-bd95-bd94c939b470,Ana Torres,0963749750,Microempresa,Moda y Estilo de Vida,Guayas,36,Femenino,5,21,53.56,4,15,2,0,0,0.0,59.81,1,0.0259,Bajo
7f818571-85bf-4db3-b20c-9c91057ff7ce,María Pérez,0990489281,Microempresa,Comercio Minorista,Pichincha,36,Femenino,26,53,11.1,4,40,9,0,0,0.0,53.08,0,0.0406,Bajo
e4a484a4-fbaa-46fc-8722-514a0b0f424a,Lucía Mora,0949509304,Microempresa,Moda y Estilo de Vida,Pichincha,26,Masculino,24,9,96.35,1,5,3,2,0,0.0,6.74,3,0.64,Medio
48f123e8-4bb9-4209-bf0f-f4ce2348e316,Diego Castro,0960996098,Microempresa,Alimentación y Gastronomía,Guayas,18,Masculino,13,41,1.98,7,30,4,1,0,0.0,1.52,1,0.0625,Bajo
b66635af-1fda-4167-97ea-6f0755b50b46,Lucía Mora,0978592729,Microempresa,Comercio Minorista,Esmeraldas,26,Masculino,10,48,13.92,4,34,10,1,1,0.0,22.89,1,0.9245,Alto
d14e7d1a-1999-4cfe-8dc7-12b9f54745c4,Ana Torres,0978069487,Pequeña Empresa,Alimentación y Gastronomía,Galápagos,18,Femenino,23,29,2.62,5,20,3,0,0,0.0,13.87,14,0.6296,Medio
a485ce81-f5ab-4e64-942b-8e0692d5e49a,Ana Torres,0955262520,Microempresa,Comercio Minorista,Pichincha,18,Masculino,36,124,13.76,16,80,28,0,0,0.0,0.42,6,0.2597,Bajo
3e43ea0e-d898-4a23-bd55-ecc8f7892139,Carlos López,0938038146,Microempresa,Comercio Minorista,Guayas,27,Masculino,31,46,2.5,4,36,6,1,0,0.0,2.6,1,0.0985,Bajo
34d53e38-195f-4ef6-aa2e-2c4d87bbc3f9,Juan Gómez,0940204689,Microempresa,Alimentación y Gastronomía,Los Ríos,28,Masculino,25,118,1.5,15,78,25,0,0,0.0,1.51,6,0.2379,Bajo
938fc09a-178a-4fa4-947e-265918eae349,Andrés Díaz,0908609885,Microempresa,Moda y Estilo de Vida,Guayas,34,Femenino,32,8,51.71,1,5,2,0,0,0.0,2.12,4,0.7525,Alto
84d3a147-ce3c-4f95-ac7c-1301f0a6ef4e,Pedro Ruiz,0932984491,Microempresa,Comercio Minorista,Tungurahua,32,Masculino,6,80,9.88,11,64,5,1,0,0.0,7.73,4,0.3921,Medio
0fec11ce-c125-4421-8a47-43a88c82c4eb,Andrés Díaz,0922725985,Microempresa,Moda y Estilo de Vida,Pichincha,21,Femenino,24,16,11.98,2,9,5,1,0,0.0,18.61,3,0.3102,Bajo
a3960daa-863a-4596-83f8-d41054179e95,Diego Castro,0997104534,Microempresa,Comercio Minorista,Guayas,20,Masculino,24,58,24.48,9,37,12,0,0,0.0,0.3,0,0.1042,Bajo
6907159a-3118-4824-b274-f0b81c82e178,Juan Gómez,0985239283,Microempresa,Comercio Minorista,Bolívar,28,Femenino,19,50,16.78,9,35,7,3,0,0.0,3.13,1,0.1399,Bajo
94b014d7-0e88-4c5b-bff6-4fb263670ef7,Carlos López,0943981419,Microempresa,Comercio Minorista,Guayas,23,Femenino,7,86,3.23,14,51,21,1,0,0.0,25.08,3,0.3107,Bajo
d9235a5c-d315-47cf-b21a-98a6867cdade,Lucía Mora,0929826954,Microempresa,Servicios Personales e Independientes,Manabí,26,Masculino,23,27,14.37,5,25,0,0,0,0.0,131.79,1,0.0177,Bajo
e69f4ddf-8357-4ef3-a8bc-e84fb0a8fc90,Lucía Mora,0954048045,Microempresa,Entretenimiento y Educación,Pichincha,23,Femenino,34,7,23.16,1,6,0,0,0,0.0,8.48,2,0.2507,Bajo
288823b5-e162-42a4-b48d-9a126fe8f483,Ana Torres,0980793951,Microempresa,Servicios Personales e Independientes,Pichincha,28,Masculino,20,8,41.56,1,6,1,0,0,0.0,11.33,3,0.702,Alto
ae770354-4f05-4613-9514-895a7d94d1d6,Diego Castro,0942416023,Microempresa,Comercio Minorista,Azuay,30,Femenino,35,16,27.57,3,10,3,0,0,0.0,39.19,1,0.1265,Bajo
790485d1-86b0-4256-86f8-3939311e4425,Pedro Ruiz,0978074628,Microempresa,Servicios Personales e Independientes,Azuay,23,Femenino,24,66,31.03,10,54,2,0,0,0.0,7.73,1,0.0875,Bajo
4a12a130-586b-44a6-9c6e-82d418031a67,Sofía Vega,0927742845,Microempresa,Alimentación y Gastronomía,El Oro,28,Masculino,32,26,4.13,1,17,8,0,0,0.0,4.85,13,0.6661,Alto
00022f33-0419-42c5-a2ea-f30ba5006fa5,Juan Gómez,0948586888,Microempresa,Alimentación y Gastronomía,Guayas,18,Masculino,36,96,11.04,17,70,9,0,0,0.0,17.55,0,0.0736,Bajo
79239787-171e-4899-9bd2-a0187166b4c4,Juan Gómez,0947360440,Microempresa,Moda y Estilo de Vida,Pichincha,31,Femenino,7,10,66.39,1,8,1,0,0,0.0,11.02,1,0.1339,Bajo
d2fe1a01-26d3-49ad-bbf1-58ebfdd9ce05,Carmen Ríos,0927619522,Microempresa,Comercio Minorista,Pichincha,18,Masculino,33,43,8.92,8,27,9,0,0,0.0,9.37,3,0.1789,Bajo
7b5d991b-dadb-461f-9b33-a48de6687085,Carlos López,0986068390,Microempresa,Alimentación y Gastronomía,Tungurahua,25,Masculino,13,366,1.5,34,257,74,2,1,0.0,165.45,0,0.175,Bajo
150fafa0-bb61-403d-9ebb-cebc1341023f,Carlos López,0904559937,Microempresa,Moda y Estilo de Vida,Manabí,18,Masculino,20,50,67.91,6,33,11,0,0,0.0,10.25,9,0.6817,Alto
1f24e06d-4c41-4be4-b6ec-00f3fcc91dbe,Juan Gómez,0936534900,Microempresa,Comercio Minorista,El Oro,34,Masculino,26,56,15.61,7,37,11,1,0,0.0,10.91,0,0.0964,Bajo
a0123e6d-95ee-440d-a02b-a307f2f3a6c8,Carlos López,0927868976,Microempresa,Servicios Personales e Independientes,Manabí,31,Femenino,33,10,43.46,2,8,0,0,0,0.0,7.11,1,0.1965,Bajo
476cf69e-6131-429b-87f4-0f2ac730dac6,Pedro Ruiz,0987698382,Microempresa,Entretenimiento y Educación,Guayas,27,Femenino,17,31,55.72,3,27,0,1,1,0.0,8.29,0,0.5305,Medio
16707724-f56d-48ab-b70b-c4ce4e856cb3,Lucía Mora,0926856901,Microempresa,Servicios Personales e Independientes,Tungurahua,18,Femenino,1,80,14.19,4,69,7,1,0,0.0,9.28,1,0.1799,Bajo
ec0c2ab6-5fd3-4eda-856c-d171ab890a1b,Sofía Vega,0993138032,Microempresa,Comercio Minorista,Guayas,27,Femenino,25,57,12.54,8,41,8,0,0,0.0,4.85,1,0.0955,Bajo
1c00a7f4-0ef2-42a7-a6e8-072071d9fc22,Juan Gómez,0949393349,Microempresa,Comercio Minorista,Pichincha,19,Femenino,33,76,15.36,15,64,0,0,0,0.0,21.24,0,0.0325,Bajo
57bbbb85-08f2-443c-88ac-8581cc5b265e,Carlos López,0925877497,Microempresa,Alimentación y Gastronomía,Los Ríos,42,Femenino,32,150,3.78,8,90,52,0,0,0.0,9.33,23,0.5495,Medio
51bd34d4-8a1c-4225-b783-fba20dbe2750,Juan Gómez,0947617039,Pequeña Empresa,Servicios Personales e Independientes,Guayas,21,Masculino,3,8,22.28,1,7,0,0,0,0.0,2.68,1,0.6904,Alto
d9392c09-553d-4618-a283-2b149bbcfb87,Pedro Ruiz,0945330463,Microempresa,Servicios Personales e Independientes,Guayas,28,Masculino,16,13,23.38,1,10,2,0,0,0.0,4.33,7,0.8521,Alto
756d20a3-f89b-4201-9751-5ca43b78e275,Lucía Mora,0971687373,Microempresa,Alimentación y Gastronomía,Pichincha,32,Femenino,14,133,4.04,16,112,5,0,0,0.0,15.07,1,0.0374,Bajo
fee78782-cb02-4856-82b2-ec8f22b5f345,Carmen Ríos,0979485724,Microempresa,Moda y Estilo de Vida,Los Ríos,32,Femenino,5,13,8.67,1,10,1,0,0,0.0,17.94,4,0.4748,Medio
7c1dced4-1c2a-49dd-8464-1520ff8b4482,Pedro Ruiz,0976932627,Microempresa,Comercio Minorista,Guayas,28,Femenino,23,32,17.24,2,21,9,2,0,0.0,3.31,0,0.1016,Bajo
1d5c51e4-d456-4718-8c82-2b1defcde140,Ana Torres,0983109114,Microempresa,Comercio Minorista,Guayas,20,Femenino,36,75,19.51,13,52,10,0,0,0.0,8.97,1,0.0694,Bajo
cef47ca1-60af-47f9-bdc0-c3c4663a341b,Lucía Mora,0950599947,Microempresa,Comercio Minorista,Los Ríos,23,Femenino,30,121,2.78,8,96,17,0,0,0.0,13.27,6,0.275,Bajo
7f87e2ea-184a-4d15-b022-be8cb4c37a8a,Ana Torres,0949903373,Microempresa,Servicios Personales e Independientes,Santo Domingo,32,Femenino,7,5,50.71,0,5,0,1,0,0.0,1.59,5,0.7045,Alto
9b7e6530-2e17-4206-a1fc-ea458affa293,Carlos López,0967030634,Microempresa,Servicios Personales e Independientes,Guayas,36,Femenino,23,7,23.41,1,5,1,2,0,0.0,273.5,1,0.1758,Bajo
fcec6c5a-6147-4652-8d66-ad87bd14e076,Ana Torres,0917264425,Microempresa,Alimentación y Gastronomía,Pichincha,40,Masculino,11,51,1.5,7,38,6,0,0,0.0,48.87,1,0.0566,Bajo
a0932e3f-0ae1-488f-a7a6-58648ac34f47,Pedro Ruiz,0958260554,Microempresa,Moda y Estilo de Vida,Tungurahua,21,Masculino,1,14,49.89,2,10,2,1,0,0.0,8.38,1,0.2933,Bajo
cc510f16-0397-4f90-ae1b-e80093ae9ff8,Diego Castro,0933272285,Microempresa,Servicios Personales e Independientes,Tungurahua,22,Masculino,32,11,37.64,2,10,0,0,0,0.0,3.24,2,0.1584,Bajo
4f2cd974-b074-42f4-bcc9-3ff7099dd855,María Pérez,0941109578,Microempresa,Alimentación y Gastronomía,Tungurahua,32,Masculino,21,500,1.65,97,365,38,0,0,0.0,12.59,9,0.4142,Medio
af9082a2-c4b2-4ea2-ab76-daf03c29be95,Carmen Ríos,0964622784,Microempresa,Servicios Personales e Independientes,Pichincha,35,Masculino,22,22,19.69,4,19,0,0,0,0.0,7.51,1,0.0275,Bajo
75859281-28fd-4f67-93f4-527f4a8cc16b,María Pérez,0993385755,Microempresa,Alimentación y Gastronomía,Imbabura,35,Masculino,34,19,1.68,4,13,2,0,0,0.0,48.91,0,0.117,Bajo
8c31ac60-2bdf-4fe0-bba1-1820ed5ec4fa,Andrés Díaz,0992777310,Microempresa,Servicios Personales e Independientes,Tungurahua,29,Femenino,21,23,30.76,4,19,0,0,0,0.0,46.77,5,0.3847,Medio
bb8e3c85-58d5-41c6-9a1a-a5aff14796de,Juan Gómez,0906857263,Microempresa,Alimentación y Gastronomía,Manabí,30,Masculino,12,81,9.93,8,65,8,0,0,0.0,62.05,7,0.3811,Medio
adf14759-4f1c-4158-be3e-e2470d6c610d,Carlos López,0962534881,Microempresa,Alimentación y Gastronomía,El Oro,28,Femenino,31,163,1.82,11,126,27,0,0,0.0,3.53,4,0.2316,Bajo
943b703a-1073-4180-a67d-88350c6ed896,Carmen Ríos,0931806091,Microempresa,Servicios Personales e Independientes,Azuay,25,Masculino,11,9,20.03,2,7,0,1,0,0.0,24.03,3,0.4467,Medio
5f1be772-1c5d-4bc6-8bba-089a16a6a1e6,Ana Torres,0908327541,Microempresa,Entretenimiento y Educación,Loja,24,Femenino,4,6,30.8,1,5,0,0,0,0.0,123.46,2,0.1756,Bajo
4258bca9-3498-4727-a801-da18bdc27b41,Lucía Mora,0931478170,Microempresa,Alimentación y Gastronomía,Pichincha,25,Masculino,20,112,3.0,10,72,30,0,0,0.0,3.09,3,0.1089,Bajo
e0f59c27-ab5c-43ef-be1f-d20b7512c427,Sofía Vega,0971855741,Microempresa,Moda y Estilo de Vida,Cañar,30,Masculino,27,55,7.04,4,35,15,1,0,0.0,9.2,1,0.1442,Bajo
85a5941f-ef1e-4539-a429-770fdcb01737,Diego Castro,0941696451,Microempresa,Comercio Minorista,Pichincha,36,Masculino,13,77,13.54,4,49,25,1,0,0.0,598.09,6,0.1519,Bajo
7452c909-0904-4866-b717-c1a7ca24e9fd,Lucía Mora,0952892771,Microempresa,Comercio Minorista,Imbabura,25,Masculino,6,16,11.52,1,10,5,0,0,0.0,2.36,8,0.7776,Alto
8112e24f-3283-4188-a79f-6f34852eb1bd,Juan Gómez,0936609287,Microempresa,Comercio Minorista,Azuay,26,Masculino,17,37,22.51,2,23,12,0,0,0.0,53.53,7,0.6923,Alto
58ff21f4-7af0-47d1-af15-c58c1fa16962,Carmen Ríos,0977977183,Microempresa,Alimentación y Gastronomía,Guayas,30,Masculino,5,88,1.5,16,68,4,0,0,0.0,2.61,3,0.1618,Bajo
419d8d31-81ea-4203-aa4b-1729899f5442,Ana Torres,0948500972,Microempresa,Alimentación y Gastronomía,Bolívar,32,Masculino,2,107,1.64,11,73,23,1,0,0.0,3.42,7,0.519,Medio
3cc797c5-8648-4f3b-a596-a49e0fb00410,Ana Torres,0983973135,Microempresa,Servicios Personales e Independientes,Chimborazo,30,Masculino,10,22,9.96,4,18,0,2,0,0.0,12.45,2,0.1526,Bajo
d7ee4c38-7856-4799-a8f8-9250f64327f2,Diego Castro,0954271467,Microempresa,Comercio Minorista,Guayas,29,Femenino,19,44,12.66,2,27,15,0,0,0.0,2.22,1,0.146,Bajo
a5a43dbe-4a89-4040-98ed-1fb56d9ff08f,Andrés Díaz,0980666985,Microempresa,Moda y Estilo de Vida,Pichincha,27,Femenino,23,6,116.2,1,5,0,0,0,0.0,0.66,3,0.5681,Medio
7ada84a4-5eb6-448e-8815-bade32279e43,Sofía Vega,0907982497,Microempresa,Moda y Estilo de Vida,Pichincha,33,Masculino,16,29,38.96,4,17,8,1,0,0.0,80.43,1,0.0688,Bajo
ba170dce-072e-4319-844b-bf72527c103a,Pedro Ruiz,0934091502,Microempresa,Servicios Personales e Independientes,Manabí,26,Femenino,13,12,5.71,1,11,0,1,0,0.0304,5.52,2,0.241,Bajo
fd5d9b10-1ef7-431a-8e98-32105802e7c5,Diego Castro,0998170434,Microempresa,Comercio Minorista,Manabí,35,Masculino,8,59,10.44,5,50,4,0,0,0.0,26.34,0,0.0665,Bajo
8c6331f0-c6ac-42e5-bdf4-d932c4bebdda,Ana Torres,0909394943,Pequeña Empresa,Servicios Personales e Independientes,Pichincha,28,Masculino,32,14,7.01,2,12,0,0,0,0.0,13.87,3,0.277,Bajo
3876622f-df53-4416-87e1-0878afbcd494,Sofía Vega,0977204857,Microempresa,Alimentación y Gastronomía,Sucumbíos,18,Masculino,15,49,2.55,9,29,11,0,0,0.0,108.02,4,0.0822,Bajo
3059731a-1a9c-449d-9f8a-6529b9bd997e,Ana Torres,0910873151,Mediana Empresa A,Comercio Minorista,Cotopaxi,23,Masculino,8,86,7.38,6,54,26,0,0,0.0,2.82,2,0.104,Bajo
956b0f28-272b-4a81-bcaa-957b2ea641eb,Pedro Ruiz,0962522744,Microempresa,Alimentación y Gastronomía,El Oro,33,Masculino,24,62,5.32,4,46,11,0,0,0.0,72.38,1,0.0438,Bajo
8745c0d0-dea3-4301-ac0e-a3d8246a3d12,Andrés Díaz,0917859482,Microempresa,Servicios Personales e Independientes,Pichincha,32,Femenino,3,53,18.96,7,46,0,1,0,0.0,417.16,6,0.346,Bajo
c958d2ef-523a-4819-bfd9-992b4b2357a7,Carlos López,0906471256,Microempresa,Comercio Minorista,Cotopaxi,27,Masculino,8,74,2.21,10,57,7,0,0,0.007,11.48,2,0.2436,Bajo
b01acc3b-4fdc-489d-967a-114f2346618b,Ana Torres,0960354124,Microempresa,Moda y Estilo de Vida,Azuay,21,Femenino,18,13,68.02,2,9,3,1,1,0.0,66.57,4,0.7196,Alto
b82bc1db-920c-4a1c-9a53-31097fe3be44,Lucía Mora,0971585249,Microempresa,Alimentación y Gastronomía,Azuay,33,Femenino,21,127,2.92,21,105,1,1,0,0.0,1.78,1,0.073,Bajo
80ae72ad-75e8-44d2-aa95-8d1f9742b640,Sofía Vega,0915046917,Microempresa,Alimentación y Gastronomía,Pichincha,29,Femenino,21,27,1.58,5,19,3,0,0,0.0,36.93,6,0.2589,Bajo
8958a4aa-b9f4-4d7e-b6d3-6a351870e7f7,Ana Torres,0947197509,Microempresa,Alimentación y Gastronomía,Tungurahua,20,Masculino,6,62,3.24,5,47,10,0,0,0.001,8.29,5,0.4928,Medio
05c9be02-75de-4119-afd0-01423ac9701c,María Pérez,0959709978,Microempresa,Comercio Minorista,Manabí,24,Femenino,13,14,7.65,2,10,2,1,0,0.0,51.23,2,0.0698,Bajo
7fe16f01-5888-413f-95ac-d1f14746a317,Andrés Díaz,0984581315,Microempresa,Entretenimiento y Educación,El Oro,18,Femenino,5,45,22.54,6,38,2,1,0,0.0,13.11,7,0.5808,Medio
8958878b-e1c0-46d4-8567-71a97145eabb,Carlos López,0999642190,Microempresa,Servicios Personales e Independientes,Los Ríos,36,Masculino,34,15,24.33,1,11,3,0,0,0.0,8.19,2,0.1108,Bajo
006ee80a-14b9-469c-b1d6-4aa18b7ba5aa,Juan Gómez,0916026460,Microempresa,Moda y Estilo de Vida,Pichincha,38,Masculino,21,7,60.61,1,5,1,2,0,0.0,3.08,3,0.701,Alto
9901424e-e89f-4e28-a43c-92a3cefc6d65,Carlos López,0931052147,Microempresa,Comercio Minorista,Chimborazo,27,Masculino,34,128,6.97,7,98,22,0,0,0.0,1.55,6,0.3973,Medio
8bbe447b-1801-4845-bf0f-1fa968cab563,Ana Torres,0956448283,Microempresa,Comercio Minorista,Azuay,29,Masculino,8,16,1.98,1,13,2,0,0,0.0,4.74,11,0.6221,Medio
39a5d8df-c741-4a64-9703-22d27fb12d96,Pedro Ruiz,0983478637,Microempresa,Entretenimiento y Educación,Pichincha,23,Masculino,36,23,31.03,2,21,0,0,0,0.0019,8.2,3,0.4741,Medio
f67f9a2f-d3dd-45fd-a485-cef408fbca3c,Diego Castro,0923074816,Microempresa,Comercio Minorista,Tungurahua,26,Femenino,15,69,8.27,4,44,22,0,0,0.0,16.0,3,0.2357,Bajo
99b48861-13db-452a-94eb-52225a454d93,Carlos López,0987095978,Microempresa,Alimentación y Gastronomía,Pichincha,32,Masculino,8,154,2.01,20,100,34,1,0,0.0,24.26,1,0.1013,Bajo
5ca9150e-1452-47de-98d2-fc4f7f00ff22,María Pérez,0901759097,Microempresa,Servicios Personales e Independientes,Manabí,28,Femenino,22,19,21.08,3,17,0,0,0,0.0,23.46,2,0.1603,Bajo
8d4dc394-21e6-4048-abdb-d14c8f7d90c0,María Pérez,0909058065,Microempresa,Moda y Estilo de Vida,Pichincha,22,Femenino,36,6,59.07,1,4,2,2,1,0.0,102.34,3,0.512,Medio
0abbf19a-69a3-4bd8-ab3c-396e601bc2cc,Juan Gómez,0990794711,Microempresa,Entretenimiento y Educación,Guayas,22,Femenino,18,46,15.86,5,40,0,0,0,0.0,11.41,7,0.6739,Alto
f8f47e16-ec50-4a00-b6a8-0b2129e638ac,Carlos López,0954093428,Microempresa,Entretenimiento y Educación,Los Ríos,31,Masculino,17,26,5.72,4,24,0,0,0,0.0,3.4,13,0.5457,Medio
fbb426ce-f2fd-4040-91c6-47f322f52e9e,Ana Torres,0996027254,Microempresa,Alimentación y Gastronomía,Guayas,27,Masculino,13,57,3.79,8,39,10,0,0,0.0,39.1,0,0.1228,Bajo
0455af3e-3730-4e84-96bd-65a618b65b09,María Pérez,0923794084,Microempresa,Comercio Minorista,Pichincha,34,Femenino,25,66,5.21,11,56,0,1,0,0.0,13.34,3,0.2179,Bajo
365ca39b-f8b0-49a9-a5f0-157683e346f7,María Pérez,0933733903,Microempresa,Alimentación y Gastronomía,Guayas,31,Masculino,29,38,2.12,6,28,4,0,0,0.0,8.59,5,0.2284,Bajo
24b2f4d4-3832-42a4-a39f-1c2fffecbe4b,María Pérez,0936384166,Microempresa,Moda y Estilo de Vida,Guayas,24,Femenino,1,18,48.91,1,13,4,2,0,0.0,0.86,1,0.3752,Medio
59d716fb-357a-41f3-8459-1307c7cd279a,María Pérez,0908142257,Microempresa,Servicios Personales e Independientes,Imbabura,32,Masculino,14,2,19.12,0,2,0,0,0,0.0,19.95,4,0.5931,Medio
e6fe2f62-4a7e-4b72-b530-2c001e511c1f,María Pérez,0916174959,Microempresa,Alimentación y Gastronomía,Pichincha,36,Masculino,19,93,3.71,10,61,21,1,0,0.0,32.65,3,0.1983,Bajo
29ef584d-7526-48d5-b133-74d41b0f7440,Carlos López,0922501514,Microempresa,Alimentación y Gastronomía,Los Ríos,33,Femenino,5,77,4.22,13,46,18,3,0,0.0042,2.33,1,0.1465,Bajo
73adb1b7-87cb-4be5-b070-27d1466ecabc,Pedro Ruiz,0932573881,Pequeña Empresa,Moda y Estilo de Vida,Pichincha,39,Femenino,12,15,38.72,2,11,2,0,0,0.0,28.36,1,0.0463,Bajo
5f708f7b-02d9-4857-8870-1bf2972acd6c,Lucía Mora,0982466093,Microempresa,Servicios Personales e Independientes,Manabí,28,Masculino,30,35,25.36,6,30,0,1,0,0.0,5.78,3,0.3209,Bajo
b23ef08a-a6fe-419f-a9cb-e09c91242e36,Lucía Mora,0941211436,Pequeña Empresa,Servicios Personales e Independientes,Manabí,18,Femenino,33,24,16.39,3,20,1,0,0,0.0,7.52,5,0.4826,Medio
5f6dc475-7bb0-4a40-9a4b-9c7109728fdd,Juan Gómez,0944566234,Microempresa,Alimentación y Gastronomía,Guayas,35,Masculino,20,146,1.5,10,103,33,2,0,0.0,0.44,0,0.1146,Bajo
11d0c09f-2d08-4bb9-a38a-5abec1e8ddc8,Sofía Vega,0945927907,Microempresa,Servicios Personales e Independientes,Pichincha,30,Masculino,34,154,29.29,17,140,0,0,0,0.0,13.36,0,0.0419,Bajo
bbec6159-f929-4603-85fd-88bccb6f4271,Diego Castro,0960229152,Microempresa,Comercio Minorista,El Oro,28,Masculino,11,21,5.12,1,12,7,1,1,0.0,2.78,0,0.8469,Alto
f1e70505-16fa-49a6-9134-1082f84c52bc,Carmen Ríos,0937964306,Microempresa,Moda y Estilo de Vida,Los Ríos,24,Femenino,3,16,29.03,2,11,3,0,0,0.0,5.95,7,0.9049,Alto
b4176050-9500-4d39-bf02-f49302154505,Carlos López,0988051281,Microempresa,Alimentación y Gastronomía,Guayas,36,Masculino,18,14,9.17,2,10,2,0,0,0.0,15.73,1,0.08,Bajo
b1daecf7-b028-437c-8a12-f27afc5d29cb,Diego Castro,0924915928,Microempresa,Moda y Estilo de Vida,Manabí,30,Femenino,5,5,32.28,0,3,1,0,0,0.0,11.0,1,0.2551,Bajo
cb6ef4bf-8ddf-4963-87b2-547ff2f5b38d,Juan Gómez,0988752048,Microempresa,Alimentación y Gastronomía,Pichincha,23,Femenino,24,71,2.15,10,52,10,1,0,0.0,179.42,2,0.0981,Bajo
9e7e0810-5f50-470a-9476-e333c17960a2,Sofía Vega,0970075423,Microempresa,Servicios Personales e Independientes,Pichincha,23,Femenino,23,38,12.51,6,29,3,0,0,0.0,26.72,0,0.042,Bajo
1037c1a4-1c93-411e-8e7d-88637b633a80,Ana Torres,0908554690,Microempresa,Alimentación y Gastronomía,Pichincha,30,Masculino,4,28,8.53,4,21,3,0,0,0.0,0.75,1,0.0899,Bajo
8f502b53-06a0-48e6-afe2-9db780896988,Andrés Díaz,0944930854,Microempresa,Comercio Minorista,Guayas,28,Masculino,28,35,12.77,2,25,8,0,0,0.0,33.94,1,0.1219,Bajo
e0832f5b-2792-4d9c-a6d9-64760765dbe6,Sofía Vega,0902965598,Pequeña Empresa,Alimentación y Gastronomía,Guayas,18,Femenino,17,39,6.64,2,26,11,3,0,0.0,83.39,3,0.1573,Bajo
ac136f7d-58ea-42f8-95fb-54172d16c352,Lucía Mora,0927118760,Microempresa,Entretenimiento y Educación,Pichincha,18,Femenino,8,13,12.28,2,10,1,1,0,0.0,36.85,1,0.0555,Bajo
13b78fc9-2f33-4500-9ed8-9edbe657d25a,María Pérez,0906141787,Microempresa,Alimentación y Gastronomía,Cañar,27,Femenino,31,54,5.06,4,33,17,0,0,0.0,19.86,0,0.156,Bajo
a5d16eb1-f93a-4126-bea0-bbca3199a392,Lucía Mora,0957781149,Microempresa,Alimentación y Gastronomía,Manabí,31,Femenino,33,171,1.5,28,132,11,0,0,0.0,45.56,6,0.2154,Bajo
42704c70-0229-4ecf-86fe-4f7e2fe91e9f,Juan Gómez,0954972076,Microempresa,Entretenimiento y Educación,Azuay,24,Femenino,33,55,16.17,9,43,3,0,0,0.0,406.92,6,0.188,Bajo
2298d1e0-b3eb-4376-993e-930b3cbf0193,Pedro Ruiz,0945041943,Microempresa,Entretenimiento y Educación,Esmeraldas,22,Masculino,32,15,7.89,2,13,0,2,0,0.0,21.89,1,0.1283,Bajo
930b901c-6857-44ff-b208-2dd5e4a2626f,Pedro Ruiz,0937344324,Microempresa,Alimentación y Gastronomía,Guayas,32,Femenino,4,246,9.59,25,180,42,2,0,0.0,7.11,0,0.0617,Bajo
a299502a-09c9-4916-b46b-2b9373da5dd7,Carmen Ríos,0958508581,Microempresa,Alimentación y Gastronomía,Guayas,31,Femenino,26,144,2.04,18,97,29,1,0,0.0,68.59,3,0.1156,Bajo
4c8abe60-159b-4da6-b9c5-242fb12bdfb4,Carlos López,0988292174,Mediana Empresa A,Alimentación y Gastronomía,Loja,24,Masculino,29,29,1.5,6,22,1,0,0,0.0,41.6,3,0.2721,Bajo
d0c12caf-e7d7-4ecd-9afc-45ce08141f2f,Ana Torres,0905547406,Microempresa,Comercio Minorista,Guayas,21,Masculino,1,229,10.58,16,152,61,0,0,0.0,1.34,0,0.0807,Bajo
686ad93b-d3b7-4a29-ad18-63002c88c817,Ana Torres,0932128275,Microempresa,Alimentación y Gastronomía,Tungurahua,18,Femenino,17,167,5.46,30,133,4,0,0,0.0,94.24,2,0.0407,Bajo
748088a2-2f6d-4400-9793-a7723f392624,Carlos López,0962966541,Microempresa,Alimentación y Gastronomía,Esmeraldas,25,Femenino,20,87,1.5,5,61,21,1,0,0.0,10.67,2,0.0986,Bajo
30164f71-83e5-43bf-bff5-c2339ddbbe69,Andrés Díaz,0941910688,Microempresa,Servicios Personales e Independientes,Pichincha,39,Masculino,22,15,23.15,2,14,0,0,0,0.0,4.39,0,0.0616,Bajo
d5048935-d296-4ece-ac6a-823e842075f7,Andrés Díaz,0906075295,Microempresa,Moda y Estilo de Vida,Pichincha,23,Masculino,4,158,17.93,28,98,32,0,0,0.0,1.15,0,0.091,Bajo
c91a8013-ceeb-43c2-8a7e-e0e652ae2651,Lucía Mora,0924369074,Microempresa,Comercio Minorista,Pichincha,19,Femenino,6,172,4.85,27,119,26,1,0,0.0066,5.55,0,0.147,Bajo
e8e86f6b-63ec-43ce-af42-8469b208bec2,Ana Torres,0969454569,Microempresa,Alimentación y Gastronomía,Pichincha,34,Masculino,24,102,7.14,14,69,19,0,0,0.0,98.27,2,0.0324,Bajo
cfb34de0-1f1a-4c5b-9bd5-8e945a09eb59,Carmen Ríos,0968988872,Microempresa,Comercio Minorista,Guayas,36,Femenino,11,48,15.07,7,39,2,1,0,0.0,16.63,0,0.0731,Bajo
db663c52-1033-49e6-98e3-deaa7e80d9ec,Sofía Vega,0925178473,Mediana Empresa B,Alimentación y Gastronomía,Guayas,28,Masculino,35,204,3.74,32,157,15,0,0,0.0,88.57,0,0.0299,Bajo
c58b9d27-243b-486f-a4ab-803ea89bb569,María Pérez,0913370336,Mediana Empresa A,Servicios Personales e Independientes,Pichincha,30,Masculino,9,23,7.65,2,21,0,0,0,0.0,12.71,7,0.6248,Medio
0252919b-ddf1-49be-a312-bfe2c8bbcc3f,Pedro Ruiz,0968360611,Microempresa,Servicios Personales e Independientes,Orellana,29,Masculino,2,11,28.67,1,10,0,0,0,0.0,16.61,4,0.6055,Medio
f605ecbd-5da8-4570-a6d6-bd284b256fbc,Andrés Díaz,0960004740,Microempresa,Comercio Minorista,Los Ríos,29,Masculino,28,60,5.09,7,51,2,1,0,0.0,6.62,0,0.1009,Bajo
84fca6d6-a3b0-4174-b8c5-d98dc4d77c21,Diego Castro,0949481591,Microempresa,Servicios Personales e Independientes,Pichincha,31,Femenino,35,9,38.74,1,8,0,1,0,0.0017,4.98,1,0.333,Bajo
ffc53ca4-b9b2-4c5b-8530-ca31d92136e3,Ana Torres,0926290217,Microempresa,Alimentación y Gastronomía,Pichincha,18,Femenino,6,45,11.15,7,32,6,1,1,0.0,4.23,5,0.5444,Medio
dd9752e0-18ed-4ada-9ce8-8e1085764bad,María Pérez,0992580661,Microempresa,Comercio Minorista,Pichincha,23,Femenino,5,123,7.77,24,94,5,2,1,0.0,17.4,1,0.5933,Medio
878afc28-f7cd-4973-a908-fb522088e508,Carlos López,0973095136,Microempresa,Servicios Personales e Independientes,Guayas,34,Femenino,1,59,20.41,11,55,0,1,0,0.0,10.61,9,0.8013,Alto
e6cc6f4a-4fef-4111-94e3-963219f32790,Juan Gómez,0941356207,Microempresa,Alimentación y Gastronomía,Guayas,30,Femenino,24,117,4.01,21,74,21,0,0,0.0,18.2,6,0.278,Bajo
42b70e68-f097-4c90-afef-61ec40ab78dd,Sofía Vega,0973345736,Microempresa,Entretenimiento y Educación,Azuay,35,Masculino,2,39,14.18,6,33,1,0,0,0.0,13.39,3,0.4488,Medio
79e6b369-2956-4814-80d3-857b2e1e8579,María Pérez,0940869936,Microempresa,Alimentación y Gastronomía,Chimborazo,29,Femenino,7,121,4.16,21,95,5,0,0,0.0,6.34,9,0.8067,Alto
14bec3b5-7377-4fdd-bf98-174a226062ba,Juan Gómez,0996394578,Microempresa,Alimentación y Gastronomía,Napo,18,Masculino,22,63,2.97,9,49,5,0,0,0.0,17.01,4,0.2171,Bajo
3ba948b6-4677-46c3-b0b0-40e317ae12bd,Ana Torres,0908221034,Microempresa,Comercio Minorista,Pichincha,23,Masculino,14,63,24.38,9,50,4,0,0,0.0121,8.26,9,0.8149,Alto
e78a67d3-f0f9-43c4-90b1-60ee94d8cda5,Juan Gómez,0969849303,Microempresa,Servicios Personales e Independientes,Guayas,18,Femenino,2,35,30.8,6,27,2,1,0,0.0,26.72,8,0.7104,Alto
0c661fc4-64be-4d22-8f0d-da83ffcc2df6,Juan Gómez,0987098948,Microempresa,Comercio Minorista,Tungurahua,23,Masculino,35,27,1.5,4,17,6,0,0,0.0,3.55,1,0.0395,Bajo
8abb1dda-b44e-4c1b-8e14-777d6264ec1f,Diego Castro,0906559072,Microempresa,Alimentación y Gastronomía,Pichincha,35,Masculino,3,106,4.79,17,69,20,6,0,0.0,22.95,0,0.0904,Bajo
190ce40d-d85f-489b-8684-b94851298114,María Pérez,0981763300,Microempresa,Servicios Personales e Independientes,Pichincha,41,Femenino,17,10,33.73,1,8,2,0,0,0.0,3.55,0,0.2103,Bajo
e216023e-ea59-4f04-9e97-098aba16f247,Carmen Ríos,0935867626,Microempresa,Alimentación y Gastronomía,Manabí,29,Masculino,12,50,3.75,7,42,1,1,0,0.0,8.58,5,0.4153,Medio
34c772a9-ccbe-4298-ba92-ee05441a49f6,Pedro Ruiz,0973879717,Microempresa,Comercio Minorista,Loja,39,Femenino,16,83,22.53,7,49,27,1,0,0.0,0.43,8,0.5874,Medio
0cd6985f-8fb5-42ff-b6c5-77386985d1ac,María Pérez,0952122984,Microempresa,Alimentación y Gastronomía,Sucumbíos,30,Femenino,32,203,4.12,17,135,52,0,0,0.001,16.39,1,0.135,Bajo
f752963d-489e-410a-aeea-176765677c8e,Ana Torres,0984909170,Microempresa,Comercio Minorista,Pichincha,25,Femenino,11,30,13.8,5,23,1,1,0,0.0,21.12,5,0.5875,Medio
fb6c075f-6a2a-4f4c-9996-f43100fc483c,Ana Torres,0981756442,Microempresa,Alimentación y Gastronomía,Tungurahua,27,Femenino,4,152,2.45,26,128,0,1,0,0.0,2.21,2,0.1417,Bajo
f7e5a5b3-aff8-4ad0-961d-62a5dba8f584,Andrés Díaz,0963237713,Microempresa,Alimentación y Gastronomía,Azuay,33,Masculino,4,110,2.64,12,68,30,0,0,0.0,119.77,3,0.1106,Bajo
49f8a397-8f39-4923-9302-9e034775177b,Andrés Díaz,0998472806,Microempresa,Alimentación y Gastronomía,Manabí,19,Femenino,11,221,1.78,22,141,58,1,0,0.0,0.92,2,0.0285,Bajo
d8194a69-e966-44b2-81c5-0b856ca0bd96,Carlos López,0989498083,Microempresa,Servicios Personales e Independientes,Napo,36,Femenino,34,14,14.25,1,11,2,1,0,0.0,3.33,2,0.155,Bajo
7b6c10ad-43fc-4450-bfd1-e1d03f07ae65,Carmen Ríos,0927711304,Microempresa,Entretenimiento y Educación,Tungurahua,27,Femenino,19,12,8.47,1,11,0,0,0,0.0,25.95,5,0.4143,Medio
5ec7bcde-897a-4b36-82ab-e962915ff699,Sofía Vega,0989244878,Microempresa,Comercio Minorista,Chimborazo,18,Femenino,23,58,13.74,11,46,1,0,0,0.0,23.59,0,0.1299,Bajo
5917912e-14f5-459d-b690-4e846a0f3a3e,Carmen Ríos,0983751087,Microempresa,Servicios Personales e Independientes,Esmeraldas,18,Femenino,33,56,21.17,9,52,0,0,0,0.0,3.48,0,0.0818,Bajo
f14f5e74-62fa-4c93-8ed6-ce05246cd229,Sofía Vega,0969333841,Pequeña Empresa,Alimentación y Gastronomía,Pichincha,29,Masculino,36,57,11.84,3,37,17,2,0,0.0,15.01,2,0.1302,Bajo
d7ad22b8-3864-4ae8-943a-8306a07213b0,Carmen Ríos,0998436117,Microempresa,Servicios Personales e Independientes,Guayas,32,Femenino,6,14,49.05,2,11,1,0,0,0.0,156.38,0,0.0313,Bajo
5909ab88-ccf2-4ef7-aca5-ef2c578b821d,Pedro Ruiz,0952970767,Microempresa,Alimentación y Gastronomía,Loja,24,Masculino,16,62,1.51,12,42,8,1,0,0.0,27.76,6,0.4068,Medio
37b1bcdd-b2f0-49f3-8028-40e704799226,Carmen Ríos,0988108801,Microempresa,Comercio Minorista,Loja,23,Femenino,3,42,11.67,5,27,10,1,0,0.0,1.64,4,0.7084,Alto
91b7c94e-673a-4148-ad3a-bd92c49b53be,Pedro Ruiz,0903395306,Microempresa,Moda y Estilo de Vida,Los Ríos,28,Femenino,11,27,22.51,4,19,4,0,0,0.0,78.74,0,0.0312,Bajo
1fe3e7e9-c0c5-4442-82c2-191b33078571,Andrés Díaz,0909203998,Microempresa,Servicios Personales e Independientes,Los Ríos,20,Masculino,10,30,79.59,6,27,0,0,0,0.0,0.96,9,0.6225,Medio
c6ae7d1b-60b1-44cc-9ce6-4864abdbc4ee,Sofía Vega,0975319672,Microempresa,Entretenimiento y Educación,Esmeraldas,28,Masculino,2,16,19.8,2,13,1,0,0,0.0046,1.49,0,0.4891,Medio
e12dbbe1-3767-47e9-a13d-dc033c3cd783,Juan Gómez,0959309476,Microempresa,Moda y Estilo de Vida,Loja,19,Femenino,25,3,26.05,1,2,0,1,0,0.0,27.68,3,0.6523,Alto
181aeff4-c93e-47e3-b4b2-189f3dcbea52,Andrés Díaz,0961883545,Microempresa,Alimentación y Gastronomía,Pichincha,18,Masculino,4,150,3.42,27,94,28,0,0,0.0,2.09,0,0.0505,Bajo
0be5d6d0-5b62-431f-9e30-9a390fa7c050,Sofía Vega,0965714294,Microempresa,Comercio Minorista,Pichincha,34,Femenino,25,26,24.69,2,20,3,1,0,0.0,7.46,2,0.0542,Bajo
0506ded8-62a7-4bb0-9c86-fa55f9698fd8,Andrés Díaz,0929917773,Mediana Empresa B,Servicios Personales e Independientes,Bolívar,18,Femenino,24,50,14.4,5,37,8,1,0,0.0,8.08,1,0.0993,Bajo
dcd3e586-5180-4073-8c76-0f5db70da1bd,Lucía Mora,0932167927,Microempresa,Alimentación y Gastronomía,Imbabura,29,Masculino,13,24,5.2,5,15,5,0,0,0.0,24.13,3,0.3308,Bajo
0362b0e9-7704-4e57-9354-75bfb363daf6,Sofía Vega,0949879472,Microempresa,Alimentación y Gastronomía,Guayas,38,Femenino,7,141,6.62,16,92,33,1,0,0.0014,11.33,0,0.1126,Bajo
ba3a89b0-dee9-4c5a-be1f-1885210e1c37,Ana Torres,0970005029,Microempresa,Comercio Minorista,Pichincha,36,Femenino,32,42,4.58,7,25,10,1,0,0.0027,1.67,1,0.0861,Bajo
e29a0207-de26-477c-a7e0-7a9651e272ff,Andrés Díaz,0904520423,Microempresa,Comercio Minorista,Pichincha,28,Masculino,12,87,5.55,11,67,9,0,0,0.0,36.73,2,0.0674,Bajo
79ab23b3-fe8c-4ee7-94b9-bb5cd7c18816,Carmen Ríos,0973921336,Microempresa,Comercio Minorista,Pichincha,33,Masculino,22,24,10.28,2,20,2,0,0,0.0,344.21,0,0.0125,Bajo
ed7c8f08-c122-469f-981c-b6edd004785a,María Pérez,0962478369,Microempresa,Alimentación y Gastronomía,Loja,30,Femenino,15,72,2.96,4,56,12,0,0,0.0,13.15,0,0.0827,Bajo
83d62151-ed07-4cdf-82a3-51ae6794f04c,Juan Gómez,0955097884,Microempresa,Comercio Minorista,Guayas,35,Masculino,36,78,27.55,8,63,6,0,0,0.0,8.84,2,0.1287,Bajo
f375c6b1-0239-4d50-a0aa-40c56ecdc97c,María Pérez,0997909487,Microempresa,Comercio Minorista,Cotopaxi,26,Femenino,29,33,13.9,4,24,4,0,0,0.0,21.62,1,0.1725,Bajo
6f030baa-e0ec-4418-8aca-ddf99c9ffbd8,María Pérez,0954635967,Microempresa,Moda y Estilo de Vida,Guayas,29,Masculino,22,19,16.09,2,14,3,3,0,0.0,7.16,3,0.387,Medio
0a266f23-972a-4ee8-b571-9dd9272742da,Juan Gómez,0935823150,Microempresa,Comercio Minorista,Imbabura,21,Masculino,9,217,8.29,18,164,35,0,0,0.0,8.88,1,0.0506,Bajo
7cc7b8a1-1581-470e-94da-ca396f2f879c,Carmen Ríos,0998236146,Microempresa,Comercio Minorista,Morona Santiago,25,Masculino,24,81,8.66,9,58,14,0,0,0.0,4.66,0,0.0858,Bajo
10356e00-04c1-480a-8f20-8c2a0d5af145,Ana Torres,0913898307,Microempresa,Alimentación y Gastronomía,Zamora Chinchipe,21,Masculino,27,169,6.12,12,113,44,1,1,0.0,49.98,1,0.5112,Medio
8ac8f7af-6d53-4a5a-bb19-ec634634b952,Andrés Díaz,0900799742,Microempresa,Moda y Estilo de Vida,Cañar,29,Femenino,23,18,24.9,3,12,3,0,0,0.0,12.34,3,0.3585,Medio
f5f5cd47-11f8-413d-a2d0-d0120c93c1f3,Juan Gómez,0962384017,Microempresa,Moda y Estilo de Vida,Pichincha,36,Femenino,13,50,33.06,4,29,16,1,0,0.0,1.89,1,0.0585,Bajo
58bfc030-6246-410b-b914-1c9faf5e7a67,Andrés Díaz,0955922819,Microempresa,Alimentación y Gastronomía,Cotopaxi,31,Femenino,31,119,2.02,8,91,20,0,0,0.0,15.11,2,0.2131,Bajo
1adbc9a9-59e2-45a3-8f0e-95a307cecd2d,Carmen Ríos,0949281151,Microempresa,Comercio Minorista,Pichincha,26,Femenino,9,71,20.64,9,58,4,2,0,0.0,98.1,2,0.1297,Bajo
59adc196-e442-4146-a471-0308facf0bb2,Diego Castro,0903123461,Microempresa,Alimentación y Gastronomía,Imbabura,24,Masculino,18,58,1.5,7,46,6,1,0,0.0,4.52,10,0.5245,Medio
2601f8ca-4729-4446-8544-ae98c5f4f27c,Pedro Ruiz,0915258390,Microempresa,Servicios Personales e Independientes,Esmeraldas,22,Femenino,6,248,7.04,41,199,8,0,0,0.0,92.62,1,0.0297,Bajo
e38d575e-20d8-4151-8195-79c11ca37787,Carlos López,0992186980,Microempresa,Comercio Minorista,Napo,22,Masculino,32,16,25.74,1,14,1,1,0,0.0,643.23,2,0.0807,Bajo
29496406-bb73-444d-8cde-88d74b63ba0c,Pedro Ruiz,0997858190,Microempresa,Alimentación y Gastronomía,Guayas,23,Masculino,26,500,1.5,94,413,0,1,0,0.0,251.68,1,0.0469,Bajo
f9089c2f-a625-4773-b849-de86af28d257,Diego Castro,0941418118,Microempresa,Comercio Minorista,Manabí,38,Masculino,28,77,12.84,11,60,6,2,1,0.0,11.34,0,0.3917,Medio
208bf806-b7ce-437f-bb5d-79d17fbcf11b,Juan Gómez,0938323086,Microempresa,Comercio Minorista,Pichincha,18,Masculino,30,89,5.64,7,59,22,1,0,0.0,4.97,3,0.2364,Bajo
3e3f1c9b-1582-48a4-a9b0-53a9f5779c0e,Lucía Mora,0927661799,Mediana Empresa B,Servicios Personales e Independientes,Guayas,29,Femenino,6,35,14.11,7,27,1,2,0,0.0,6.78,1,0.0975,Bajo
b6caefac-110f-40a1-9bc8-6ed5876dd142,Carmen Ríos,0923261075,Microempresa,Servicios Personales e Independientes,Pichincha,21,Femenino,15,17,17.81,2,15,0,0,0,0.0,31.87,2,0.0927,Bajo
f2f6a027-208c-449a-b8fd-563601bf5053,Carlos López,0913661302,Gran Empresa,Servicios Personales e Independientes,Guayas,35,Masculino,9,24,10.41,1,19,4,0,0,0.0,18.91,4,0.4025,Medio
a610aa2e-3d56-4457-9d27-2a79bd28de3e,María Pérez,0940669735,Microempresa,Comercio Minorista,Pichincha,30,Femenino,34,19,23.08,2,14,4,0,0,0.0,27.35,1,0.0672,Bajo
79a9c195-787f-43c5-b22f-79f4562a757f,Carmen Ríos,0969521161,Microempresa,Alimentación y Gastronomía,Pichincha,18,Masculino,30,65,2.94,4,53,8,0,0,0.0,70.78,0,0.0173,Bajo
d385fd44-a18b-40c8-a68e-df465b92e781,Ana Torres,0933472410,Microempresa,Alimentación y Gastronomía,Pichincha,37,Masculino,24,74,13.04,7,46,20,2,0,0.0,53.25,10,0.4981,Medio
23c008fe-f183-40aa-82fb-7a0e42c3a5f9,Andrés Díaz,0940588651,Microempresa,Alimentación y Gastronomía,Guayas,29,Masculino,6,125,2.37,12,79,34,2,0,0.0,23.09,1,0.1824,Bajo
8c5e0d4a-6169-4bac-803d-7a571f8c3168,Pedro Ruiz,0937291728,Microempresa,Alimentación y Gastronomía,Azuay,28,Femenino,5,194,6.11,34,120,40,1,0,0.0,1.43,10,0.487,Medio
919f1f11-436b-475b-ad42-fad449284861,Lucía Mora,0958919528,Microempresa,Comercio Minorista,Esmeraldas,32,Femenino,30,115,8.8,9,69,37,0,0,0.0,9.36,0,0.104,Bajo
f9d524b7-dc49-474a-b2e4-3648c4e4872c,Juan Gómez,0961773051,Microempresa,Moda y Estilo de Vida,Imbabura,33,Masculino,4,38,30.44,3,24,10,1,0,0.0,15.68,2,0.1464,Bajo
8bb96aa1-5255-4961-a834-4d580d8e61a5,Juan Gómez,0954516341,Microempresa,Comercio Minorista,Manabí,20,Masculino,21,123,26.02,15,85,23,1,0,0.0,168.57,1,0.0615,Bajo
5ae596a3-76f1-4cd5-a2c1-bbc85881b953,Sofía Vega,0991144970,Microempresa,Servicios Personales e Independientes,Guayas,21,Femenino,6,10,10.89,1,8,2,0,0,0.0,22.46,2,0.2643,Bajo
5009dd5f-361f-4417-b4a7-02cd8cecae0a,Lucía Mora,0949493489,Microempresa,Moda y Estilo de Vida,Pastaza,29,Masculino,29,9,119.48,2,7,0,1,0,0.0,120.32,0,0.0609,Bajo
8b64d511-646e-4a01-a1ab-8262492f62e0,Carmen Ríos,0931914815,Microempresa,Alimentación y Gastronomía,Pichincha,21,Masculino,29,30,13.18,6,19,5,1,0,0.0,188.39,4,0.1167,Bajo
a7c28e9c-6e3f-4e79-bef5-03f7a44e214e,Sofía Vega,0931019516,Microempresa,Alimentación y Gastronomía,Azuay,30,Masculino,35,76,2.44,9,60,7,1,1,0.0014,9.73,1,0.637,Medio
